family,params,cagr,sharpe,maxdd,n,pf,exp_pct,hold,blocked_buy,blocked_sell
breakout10,"{""n"": 20, ""m_stop"": 2.0}",0.13642359010113592,1.2556134681532358,-0.2112152332572398,115,1.8663478358450263,0.02625957233447181,15.721739130434782,0,0
breakout10,"{""n"": 20, ""m_stop"": 3.0}",0.10433900814443953,0.8843531520230481,-0.22403238693299032,72,1.5399280691686155,0.02345159048588935,27.069444444444443,0,0
breakout10,"{""n"": 20, ""m_stop"": 4.0}",0.09225452640884169,0.7847309689368752,-0.23964562760853547,53,1.043977753847329,0.0014765553141908442,34.886792452830186,0,1
breakout10,"{""n"": 50, ""m_stop"": 2.0}",0.14215810073101642,1.3592008726803693,-0.1781074470865287,101,1.9253656905277607,0.026735123195575864,16.495049504950494,0,0
breakout10,"{""n"": 50, ""m_stop"": 3.0}",0.09900791908208362,0.9159038177962975,-0.19288108461096598,63,1.1885104201901415,0.013965312259027531,27.444444444444443,0,0
breakout10,"{""n"": 50, ""m_stop"": 4.0}",0.07543293184953326,0.716926748160345,-0.23577728090756211,44,0.9573772715030496,-0.00270541956635795,37.88636363636363,0,1
breakout10,"{""n"": 100, ""m_stop"": 2.0}",0.12854020404998678,1.2407668219023817,-0.1468019553554013,94,2.2783729162803557,0.033670901058866935,17.30851063829787,0,0
breakout10,"{""n"": 100, ""m_stop"": 3.0}",0.10711888766035083,0.9586785565620223,-0.17370144036496016,55,1.4534642960713406,0.022850146079236966,30.145454545454545,0,0
breakout10,"{""n"": 100, ""m_stop"": 4.0}",0.13211562824146217,1.1741904326698114,-0.19800545710877682,39,2.0934655064216816,0.03464284794351961,39.666666666666664,0,1
momentum10,"{""lookback"": 60, ""m_stop"": 2.0}",0.059631178390935125,0.5616870607814408,-0.27405686369603,109,0.8989965352246179,-0.0018825308425003172,15.211009174311927,0,0
momentum10,"{""lookback"": 60, ""m_stop"": 3.0}",0.07654697144758171,0.6808738399705515,-0.25650018443549516,99,0.9892082916261146,0.0020590565172535925,17.181818181818183,0,0
momentum10,"{""lookback"": 60, ""m_stop"": 4.0}",0.056590142046073266,0.5219014596958018,-0.29253284511838573,95,0.865292246052464,-0.0026817030695951145,18.094736842105263,0,0
momentum10,"{""lookback"": 120, ""m_stop"": 2.0}",0.07369995720577704,0.7289633267474034,-0.23450192787692425,79,1.1171282665348985,0.009429159494590049,21.79746835443038,0,1
momentum10,"{""lookback"": 120, ""m_stop"": 3.0}",0.06339113497199356,0.6116062554413035,-0.25639126876652885,72,1.008470266002333,0.005433010099371733,25.791666666666668,0,0
momentum10,"{""lookback"": 120, ""m_stop"": 4.0}",0.06858934565863173,0.6480347818876491,-0.24801247293525797,61,1.0638161928580276,0.009381781510693432,31.098360655737704,0,0
momentum10,"{""lookback"": 250, ""m_stop"": 2.0}",0.08610827960646472,0.7488210691710999,-0.2934283748338894,51,0.5414899687730554,-0.03143050295164641,34.21568627450981,0,0
momentum10,"{""lookback"": 250, ""m_stop"": 3.0}",0.08643634010168211,0.7525892467587846,-0.2979030020606801,43,0.5608293989079957,-0.03662695340089568,41.72093023255814,0,0
momentum10,"{""lookback"": 250, ""m_stop"": 4.0}",0.08345695294376632,0.7019712637900809,-0.3144774538055517,39,0.5608859294746763,-0.044462876884022236,49.282051282051285,0,0
