,strat
2018-01-02,100000000.0
2018-01-03,100953101.94999999
2018-01-04,101553101.95
2018-01-05,101313101.95
2018-01-08,102933101.95
2018-01-09,104013101.95
2018-01-10,103593101.95
2018-01-11,105153101.95000002
2018-01-12,105753101.95
2018-01-15,106653101.95000002
2018-01-16,106533101.94999999
2018-01-17,104553101.95
2018-01-18,104553101.95
2018-01-19,106353101.95
2018-01-22,108153101.95000002
2018-01-23,108153101.95000002
2018-01-24,108153101.95000002
2018-01-25,112053101.95
2018-01-26,109953101.94999999
2018-01-29,109113101.95000002
2018-01-30,109053101.95
2018-01-31,109053101.95
2018-02-01,107853101.95
2018-02-02,108453101.94999999
2018-02-05,102513101.95
2018-02-06,99693101.95000002
2018-02-07,102693101.95000002
2018-02-08,100953101.94999999
2018-02-09,99153101.95000002
2018-02-12,103053101.95
2018-02-13,105033101.94999999
2018-02-21,107073101.95000002
2018-02-22,105753101.95
2018-02-23,108453101.94999999
2018-02-26,109053101.95
2018-02-27,109053101.95
2018-02-28,109053101.95
2018-03-01,109953101.94999999
2018-03-02,110493101.94999999
2018-03-05,108453101.94999999
2018-03-06,108453101.94999999
2018-03-07,107253101.95
2018-03-08,109653101.95000002
2018-03-09,110073101.95000002
2018-03-12,109053101.95
2018-03-13,109653101.95000002
2018-03-14,110853101.95
2018-03-15,110313101.95
2018-03-16,110853101.95
2018-03-19,112353101.95
2018-03-20,112953101.94999999
2018-03-21,113733101.95
2018-03-22,114513101.95
2018-03-23,113253101.95
2018-03-26,113613101.95000002
2018-03-27,114753101.95
2018-03-28,114453101.94999999
2018-03-29,113553101.95
2018-03-30,114333101.95
2018-04-02,115653101.95000002
2018-04-03,114813101.95
2018-04-04,115653101.95000002
2018-04-05,116253101.95
2018-04-06,115053101.95
2018-04-09,116853101.95
2018-04-10,115353101.95
2018-04-11,113253101.95
2018-04-12,113373101.95
2018-04-13,112653101.95000002
2018-04-16,112053101.95
2018-04-17,112353101.95
2018-04-18,110853101.95
2018-04-19,110253101.95
2018-04-20,107853101.95
2018-04-23,105453101.94999999
2018-04-24,104853101.95
2018-04-26,101253101.95
2018-04-27,100653101.95000002
2018-05-02,99453101.94999999
2018-05-03,99993101.94999999
2018-05-04,100173101.95
2018-05-07,104253101.95
2018-05-08,104073101.95000002
2018-05-09,103653101.95000002
2018-05-10,103053101.95
2018-05-11,101853101.95
2018-05-14,104793101.95
2018-05-15,104853101.95
2018-05-16,102993101.94999999
2018-05-17,100953101.94999999
2018-05-18,101253101.95
2018-05-21,99453101.94999999
2018-05-22,94833101.95
2018-05-23,96453101.95
2018-05-24,94653101.95
2018-05-25,93453101.95
2018-05-28,89853101.95
2018-05-29,91653101.95
2018-05-30,91053101.95
2018-05-31,95853101.95
2018-06-01,95521538.95
2018-06-04,95521538.95
2018-06-05,95521538.95
2018-06-06,95521538.95
2018-06-07,95521538.95
2018-06-08,95521538.95
2018-06-11,95521538.95
2018-06-12,95521538.95
2018-06-13,95521538.95
2018-06-14,95521538.95
2018-06-15,95521538.95
2018-06-18,95521538.95
2018-06-19,95521538.95
2018-06-20,95521538.95
2018-06-21,95521538.95
2018-06-22,95521538.95
2018-06-25,95521538.95
2018-06-26,95521538.95
2018-06-27,95521538.95
2018-06-28,95521538.95
2018-06-29,95521538.95
2018-07-02,95521538.95
2018-07-03,95521538.95
2018-07-04,95521538.95
2018-07-05,95521538.95
2018-07-06,95521538.95
2018-07-09,95521538.95
2018-07-10,95521538.95
2018-07-11,95521538.95
2018-07-12,95521538.95
2018-07-13,95521538.95
2018-07-16,95521538.95
2018-07-17,95521538.95
2018-07-18,95521538.95
2018-07-19,95521538.95
2018-07-20,95521538.95
2018-07-23,95521538.95
2018-07-24,95521538.95
2018-07-25,95521538.95
2018-07-26,95521538.95
2018-07-27,95521538.95
2018-07-30,95521538.95
2018-07-31,95521538.95
2018-08-01,95521538.95
2018-08-02,95521538.95
2018-08-03,95521538.95
2018-08-06,95521538.95
2018-08-07,95521538.95
2018-08-08,95521538.95
2018-08-09,95521538.95
2018-08-10,95521538.95
2018-08-13,95521538.95
2018-08-14,95521538.95
2018-08-15,95521538.95
2018-08-16,95521538.95
2018-08-17,95521538.95
2018-08-20,95521538.95
2018-08-21,95521538.95
2018-08-22,95521538.95
2018-08-23,95521538.95
2018-08-24,95521538.95
2018-08-27,95521538.95
2018-08-28,95521538.95
2018-08-29,95521538.95
2018-08-30,95521538.95
2018-08-31,95521538.95
2018-09-04,95521538.95
2018-09-05,95521538.95
2018-09-06,95521538.95
2018-09-07,95521538.95
2018-09-10,95521538.95
2018-09-11,95521538.95
2018-09-12,95521538.95
2018-09-13,95521538.95
2018-09-14,95521538.95
2018-09-17,95521538.95
2018-09-18,95521538.95
2018-09-19,95521538.95
2018-09-20,95521538.95
2018-09-21,95521538.95
2018-09-24,95521538.95
2018-09-25,95521538.95
2018-09-26,95521538.95
2018-09-27,95521538.95
2018-09-28,95521538.95
2018-10-01,95521538.95
2018-10-02,95521538.95
2018-10-03,95521538.95
2018-10-04,95521538.95
2018-10-05,95521538.95
2018-10-08,95521538.95
2018-10-09,95521538.95
2018-10-10,95521538.95
2018-10-11,95521538.95
2018-10-12,95521538.95
2018-10-15,95521538.95
2018-10-16,95521538.95
2018-10-17,95521538.95
2018-10-18,95521538.95
2018-10-19,95521538.95
2018-10-22,95521538.95
2018-10-23,95521538.95
2018-10-24,95521538.95
2018-10-25,95521538.95
2018-10-26,95521538.95
2018-10-29,95521538.95
2018-10-30,95521538.95
2018-10-31,95521538.95
2018-11-01,95521538.95
2018-11-02,95521538.95
2018-11-05,95521538.95
2018-11-06,95521538.95
2018-11-07,95521538.95
2018-11-08,95521538.95
2018-11-09,95521538.95
2018-11-12,95521538.95
2018-11-13,95521538.95
2018-11-14,95521538.95
2018-11-15,95521538.95
2018-11-16,95521538.95
2018-11-19,95521538.95
2018-11-20,95521538.95
2018-11-21,95521538.95
2018-11-22,95521538.95
2018-11-23,95521538.95
2018-11-26,95521538.95
2018-11-27,95521538.95
2018-11-28,95521538.95
2018-11-29,95521538.95
2018-11-30,95521538.95
2018-12-03,95521538.95
2018-12-04,95521538.95
2018-12-05,95521538.95
2018-12-06,95521538.95
2018-12-07,95521538.95
2018-12-10,95521538.95
2018-12-11,95521538.95
2018-12-12,95521538.95
2018-12-13,95521538.95
2018-12-14,95521538.95
2018-12-17,95521538.95
2018-12-18,95521538.95
2018-12-19,95521538.95
2018-12-20,95521538.95
2018-12-21,95521538.95
2018-12-24,95521538.95
2018-12-25,95521538.95
2018-12-26,95521538.95
2018-12-27,95521538.95
2018-12-28,95521538.95
2019-01-02,95521538.95
2019-01-03,95521538.95
2019-01-04,95521538.95
2019-01-07,95521538.95
2019-01-08,95521538.95
2019-01-09,95521538.95
2019-01-10,95521538.95
2019-01-11,95521538.95
2019-01-14,95521538.95
2019-01-15,95521538.95
2019-01-16,95521538.95
2019-01-17,95521538.95
2019-01-18,95521538.95
2019-01-21,95521538.95
2019-01-22,95521538.95
2019-01-23,95521538.95
2019-01-24,95521538.95
2019-01-25,95521538.95
2019-01-28,95521538.95
2019-01-29,95521538.95
2019-01-30,95521538.95
2019-01-31,95521538.95
2019-02-01,95521538.95
2019-02-11,95521538.95
2019-02-12,95521538.95
2019-02-13,95521538.95
2019-02-14,95521538.95
2019-02-15,95521538.95
2019-02-18,95521538.95
2019-02-19,95521538.95
2019-02-20,95521538.95
2019-02-21,95521538.95
2019-02-22,95521538.95
2019-02-25,95521538.95
2019-02-26,95521538.95
2019-02-27,95521538.95
2019-02-28,95521538.95
2019-03-01,95521538.95
2019-03-04,95521538.95
2019-03-05,95521538.95
2019-03-06,95521538.95
2019-03-07,95521538.95
2019-03-08,95521538.95
2019-03-11,95521538.95
2019-03-12,95521538.95
2019-03-13,95521538.95
2019-03-14,95521538.95
2019-03-15,95521538.95
2019-03-18,95521538.95
2019-03-19,95521538.95
2019-03-20,95521538.95
2019-03-21,95521538.95
2019-03-22,95521538.95
2019-03-25,95521538.95
2019-03-26,95521538.95
2019-03-27,95521538.95
2019-03-28,95521538.95
2019-03-29,95521538.95
2019-04-01,95521538.95
2019-04-02,95521538.95
2019-04-03,95521538.95
2019-04-04,95521538.95
2019-04-05,95521538.95
2019-04-08,95521538.95
2019-04-09,95521538.95
2019-04-10,95521538.95
2019-04-11,95521538.95
2019-04-12,95521538.95
2019-04-16,95521538.95
2019-04-17,95521538.95
2019-04-18,95521538.95
2019-04-19,95521538.95
2019-04-22,95521538.95
2019-04-23,95521538.95
2019-04-24,95521538.95
2019-04-25,95521538.95
2019-04-26,95521538.95
2019-05-02,95521538.95
2019-05-03,95521538.95
2019-05-06,95521538.95
2019-05-07,95521538.95
2019-05-08,95521538.95
2019-05-09,95521538.95
2019-05-10,95521538.95
2019-05-13,95521538.95
2019-05-14,95521538.95
2019-05-15,95521538.95
2019-05-16,95521538.95
2019-05-17,95521538.95
2019-05-20,95521538.95
2019-05-21,95521538.95
2019-05-22,95521538.95
2019-05-23,95521538.95
2019-05-24,95521538.95
2019-05-27,95521538.95
2019-05-28,95521538.95
2019-05-29,95521538.95
2019-05-30,95521538.95
2019-05-31,95521538.95
2019-06-03,95521538.95
2019-06-04,95521538.95
2019-06-05,95521538.95
2019-06-06,95521538.95
2019-06-07,95521538.95
2019-06-10,95521538.95
2019-06-11,95521538.95
2019-06-12,95521538.95
2019-06-13,95521538.95
2019-06-14,95521538.95
2019-06-17,95521538.95
2019-06-18,95521538.95
2019-06-19,95521538.95
2019-06-20,95521538.95
2019-06-21,95521538.95
2019-06-24,95521538.95
2019-06-25,95521538.95
2019-06-26,95521538.95
2019-06-27,95521538.95
2019-06-28,95521538.95
2019-07-01,95521538.95
2019-07-02,95521538.95
2019-07-03,95521538.95
2019-07-04,95521538.95
2019-07-05,95521538.95
2019-07-08,95521538.95
2019-07-09,95521538.95
2019-07-10,95521538.95
2019-07-11,95521538.95
2019-07-12,95521538.95
2019-07-15,95521538.95
2019-07-16,95521538.95
2019-07-17,95521538.95
2019-07-18,95521538.95
2019-07-19,95521538.95
2019-07-22,95521538.95
2019-07-23,95521538.95
2019-07-24,95521538.95
2019-07-25,95521538.95
2019-07-26,95521538.95
2019-07-29,95521538.95
2019-07-30,95521538.95
2019-07-31,95521538.95
2019-08-01,95521538.95
2019-08-02,95521538.95
2019-08-05,95521538.95
2019-08-06,95521538.95
2019-08-07,95521538.95
2019-08-08,95521538.95
2019-08-09,95521538.95
2019-08-12,95521538.95
2019-08-13,95521538.95
2019-08-14,95521538.95
2019-08-15,95521538.95
2019-08-16,95521538.95
2019-08-19,95521538.95
2019-08-20,95521538.95
2019-08-21,95521538.95
2019-08-22,95521538.95
2019-08-23,95521538.95
2019-08-26,95521538.95
2019-08-27,95521538.95
2019-08-28,95521538.95
2019-08-29,95521538.95
2019-08-30,95521538.95
2019-09-03,95092436.774
2019-09-04,94900436.774
2019-09-05,94772436.774
2019-09-06,94900436.774
2019-09-09,94580436.774
2019-09-10,94516436.774
2019-09-11,94580436.774
2019-09-12,95284436.774
2019-09-13,95860436.774
2019-09-16,96884436.774
2019-09-17,97268436.774
2019-09-18,97460436.774
2019-09-19,97844436.774
2019-09-20,98164436.774
2019-09-23,97908436.774
2019-09-24,97524436.774
2019-09-25,97524436.774
2019-09-26,97780436.774
2019-09-27,99060436.774
2019-09-30,99444436.774
2019-10-01,99700436.774
2019-10-02,98292436.774
2019-10-03,99060436.774
2019-10-04,97908436.774
2019-10-07,98420436.774
2019-10-08,97780436.774
2019-10-09,97972436.774
2019-10-10,97972436.774
2019-10-11,98420436.774
2019-10-14,99700436.774
2019-10-15,99060436.774
2019-10-16,99060436.774
2019-10-17,98356436.774
2019-10-18,98420436.774
2019-10-21,98164436.774
2019-10-22,97972436.774
2019-10-23,98420436.774
2019-10-24,98740436.774
2019-10-25,99060436.774
2019-10-28,99380436.774
2019-10-29,99124436.774
2019-10-30,99700436.774
2019-10-31,98932436.774
2019-11-01,99700436.774
2019-11-04,100468436.774
2019-11-05,100788436.774
2019-11-06,101108436.774
2019-11-07,101172436.774
2019-11-08,100980436.774
2019-11-11,100788436.774
2019-11-12,100660436.774
2019-11-13,99700436.774
2019-11-14,99380436.774
2019-11-15,99252436.774
2019-11-18,98612436.774
2019-11-19,99060436.774
2019-11-20,98420436.774
2019-11-21,96500436.774
2019-11-22,95668436.774
2019-11-25,95924436.774
2019-11-26,96372436.774
2019-11-27,95860436.774
2019-11-28,94836436.774
2019-11-29,94900436.774
2019-12-02,94570272.774
2019-12-03,94570272.774
2019-12-04,94570272.774
2019-12-05,94570272.774
2019-12-06,94570272.774
2019-12-09,94570272.774
2019-12-10,94570272.774
2019-12-11,94570272.774
2019-12-12,94570272.774
2019-12-13,94570272.774
2019-12-16,94570272.774
2019-12-17,94570272.774
2019-12-18,94570272.774
2019-12-19,94570272.774
2019-12-20,94570272.774
2019-12-23,94570272.774
2019-12-24,94570272.774
2019-12-25,94570272.774
2019-12-26,94570272.774
2019-12-27,94570272.774
2019-12-30,94570272.774
2019-12-31,94570272.774
2020-01-02,94570272.774
2020-01-03,94570272.774
2020-01-06,94570272.774
2020-01-07,94570272.774
2020-01-08,94570272.774
2020-01-09,94570272.774
2020-01-10,94570272.774
2020-01-13,94570272.774
2020-01-14,94570272.774
2020-01-15,94570272.774
2020-01-16,94570272.774
2020-01-17,94570272.774
2020-01-20,94570272.774
2020-01-21,94570272.774
2020-01-22,94570272.774
2020-01-30,94570272.774
2020-01-31,94570272.774
2020-02-03,94570272.774
2020-02-04,94570272.774
2020-02-05,94570272.774
2020-02-06,94570272.774
2020-02-07,94570272.774
2020-02-10,94570272.774
2020-02-11,94570272.774
2020-02-12,94570272.774
2020-02-13,94570272.774
2020-02-14,94570272.774
2020-02-17,94570272.774
2020-02-18,94570272.774
2020-02-19,94570272.774
2020-02-20,94570272.774
2020-02-21,94570272.774
2020-02-24,94570272.774
2020-02-25,94570272.774
2020-02-26,94570272.774
2020-02-27,94570272.774
2020-02-28,94570272.774
2020-03-02,94570272.774
2020-03-03,94570272.774
2020-03-04,94570272.774
2020-03-05,94570272.774
2020-03-06,94570272.774
2020-03-09,94570272.774
2020-03-10,94570272.774
2020-03-11,94570272.774
2020-03-12,94570272.774
2020-03-13,94570272.774
2020-03-16,94570272.774
2020-03-17,94570272.774
2020-03-18,94570272.774
2020-03-19,94570272.774
2020-03-20,94570272.774
2020-03-23,94570272.774
2020-03-24,94570272.774
2020-03-25,94570272.774
2020-03-26,94570272.774
2020-03-27,94570272.774
2020-03-30,94570272.774
2020-03-31,94570272.774
2020-04-01,94570272.774
2020-04-03,94570272.774
2020-04-06,94570272.774
2020-04-07,94570272.774
2020-04-08,94570272.774
2020-04-09,94570272.774
2020-04-10,94570272.774
2020-04-13,94570272.774
2020-04-14,94570272.774
2020-04-15,94570272.774
2020-04-16,94570272.774
2020-04-17,94570272.774
2020-04-20,94570272.774
2020-04-21,94570272.774
2020-04-22,94570272.774
2020-04-23,94570272.774
2020-04-24,94570272.774
2020-04-27,94570272.774
2020-04-28,94570272.774
2020-04-29,94570272.774
2020-05-04,94570272.774
2020-05-05,94570272.774
2020-05-06,94570272.774
2020-05-07,94570272.774
2020-05-08,94570272.774
2020-05-11,94570272.774
2020-05-12,94570272.774
2020-05-13,94570272.774
2020-05-14,94570272.774
2020-05-15,94570272.774
2020-05-18,94570272.774
2020-05-19,94570272.774
2020-05-20,94570272.774
2020-05-21,94570272.774
2020-05-22,94570272.774
2020-05-25,94570272.774
2020-05-26,94570272.774
2020-05-27,94570272.774
2020-05-28,94570272.774
2020-05-29,94570272.774
2020-06-01,94570272.774
2020-06-02,94570272.774
2020-06-03,94570272.774
2020-06-04,94570272.774
2020-06-05,94570272.774
2020-06-08,94570272.774
2020-06-09,94570272.774
2020-06-10,94570272.774
2020-06-11,94570272.774
2020-06-12,94570272.774
2020-06-15,94570272.774
2020-06-16,94570272.774
2020-06-17,94570272.774
2020-06-18,94570272.774
2020-06-19,94570272.774
2020-06-22,94570272.774
2020-06-23,94570272.774
2020-06-24,94570272.774
2020-06-25,94570272.774
2020-06-26,94570272.774
2020-06-29,94570272.774
2020-06-30,94570272.774
2020-07-01,94570272.774
2020-07-02,94570272.774
2020-07-03,94570272.774
2020-07-06,94570272.774
2020-07-07,94570272.774
2020-07-08,94570272.774
2020-07-09,94570272.774
2020-07-10,94570272.774
2020-07-13,94570272.774
2020-07-14,94570272.774
2020-07-15,94570272.774
2020-07-16,94570272.774
2020-07-17,94570272.774
2020-07-20,94570272.774
2020-07-21,94570272.774
2020-07-22,94570272.774
2020-07-23,94570272.774
2020-07-24,94570272.774
2020-07-27,94570272.774
2020-07-28,94570272.774
2020-07-29,94570272.774
2020-07-30,94570272.774
2020-07-31,94570272.774
2020-08-03,94570272.774
2020-08-04,94570272.774
2020-08-05,94570272.774
2020-08-06,94570272.774
2020-08-07,94570272.774
2020-08-10,94570272.774
2020-08-11,94570272.774
2020-08-12,94570272.774
2020-08-13,94570272.774
2020-08-14,94570272.774
2020-08-17,94570272.774
2020-08-18,94570272.774
2020-08-19,94570272.774
2020-08-20,94570272.774
2020-08-21,94570272.774
2020-08-24,94570272.774
2020-08-25,94570272.774
2020-08-26,94570272.774
2020-08-27,94570272.774
2020-08-28,94570272.774
2020-08-31,94570272.774
2020-09-01,95559532.014
2020-09-03,96511532.014
2020-09-04,96307532.014
2020-09-07,95695532.014
2020-09-08,95491532.014
2020-09-09,94335532.014
2020-09-10,94539532.014
2020-09-11,94811532.014
2020-09-14,95355532.014
2020-09-15,95491532.014
2020-09-16,95695532.014
2020-09-17,95695532.014
2020-09-18,97055532.014
2020-09-21,97599532.014
2020-09-22,97735532.014
2020-09-23,98279532.014
2020-09-24,97735532.014
2020-09-25,97735532.014
2020-09-28,99027532.014
2020-09-29,99299532.014
2020-09-30,99231532.014
2020-10-01,99435532.014
2020-10-02,99095532.014
2020-10-05,99367532.014
2020-10-06,99843532.014
2020-10-07,100183532.014
2020-10-08,99775532.014
2020-10-09,99979532.014
2020-10-12,100455532.014
2020-10-13,100455532.014
2020-10-14,102155532.014
2020-10-15,102971532.014
2020-10-16,103175532.014
2020-10-19,103447532.014
2020-10-20,104535532.014
2020-10-21,104535532.014
2020-10-22,105555532.014
2020-10-23,106711532.014
2020-10-26,107527532.014
2020-10-27,105283532.014
2020-10-28,101135532.014
2020-10-29,101067532.014
2020-10-30,101815532.014
2020-11-02,102223532.014
2020-11-03,103719532.014
2020-11-04,104059532.014
2020-11-05,103855532.014
2020-11-06,103855532.014
2020-11-09,104739532.014
2020-11-10,105895532.014
2020-11-11,104943532.014
2020-11-12,105283532.014
2020-11-13,107255532.014
2020-11-16,104875532.014
2020-11-17,106031532.014
2020-11-18,107255532.014
2020-11-19,108071532.014
2020-11-20,108955532.014
2020-11-23,108955532.014
2020-11-24,109635532.014
2020-11-25,110519532.014
2020-11-26,110655532.014
2020-11-27,110927532.01399998
2020-11-30,111131532.014
2020-12-01,111471532.014
2020-12-02,112355532.014
2020-12-03,113715532.01399998
2020-12-04,113375532.01400001
2020-12-07,113851532.01400001
2020-12-08,113579532.014
2020-12-09,115551532.01400001
2020-12-10,114191532.01399998
2020-12-11,115551532.01400001
2020-12-14,116843532.014
2020-12-15,116095532.014
2020-12-16,118135532.014
2020-12-17,116775532.01400001
2020-12-18,120107532.014
2020-12-21,120855532.014
2020-12-22,120787532.01400001
2020-12-23,120175532.01400001
2020-12-24,119495532.014
2020-12-25,121535532.014
2020-12-28,120923532.014
2020-12-29,121467532.014
2020-12-30,121059532.014
2020-12-31,122895532.014
2021-01-04,125139532.01399998
2021-01-05,126363532.01400001
2021-01-06,127655532.014
2021-01-07,129559532.014
2021-01-08,131191532.01399998
2021-01-11,133435532.014
2021-01-12,135135532.014
2021-01-13,133707532.014
2021-01-14,133639532.014
2021-01-15,135135532.014
2021-01-18,134387532.014
2021-01-19,127655532.014
2021-01-20,128675532.01400001
2021-01-21,131735532.014
2021-01-22,132347532.014
2021-01-25,132143532.014
2021-01-26,127655532.014
2021-01-27,125275532.01400001
2021-01-28,116571532.014
2021-01-29,119495532.014
2021-02-01,118203532.01399998
2021-02-02,124255532.014
2021-02-03,128675532.01400001
2021-02-04,127995532.014
2021-02-05,133027532.014
2021-02-08,126907532.014
2021-02-09,132891532.014
2021-02-17,133775532.014
2021-02-18,134863532.014
2021-02-19,135475532.014
2021-02-22,135203532.014
2021-02-23,135815532.014
2021-02-24,133435532.014
2021-02-25,134591532.014
2021-02-26,134455532.014
2021-03-01,136699532.014
2021-03-02,136699532.014
2021-03-03,136903532.014
2021-03-04,137175532.014
2021-03-05,134727532.014
2021-03-08,134183532.014
2021-03-09,134115532.014
2021-03-10,134591532.014
2021-03-11,136495532.014
2021-03-12,135951532.014
2021-03-15,136495532.014
2021-03-16,136427532.014
2021-03-17,136699532.014
2021-03-18,138399532.014
2021-03-19,137855532.014
2021-03-22,137991532.014
2021-03-23,136155532.014
2021-03-24,134455532.014
2021-03-25,133775532.014
2021-03-26,134115532.014
2021-03-29,135747532.014
2021-03-30,136495532.014
2021-03-31,137175532.014
2021-04-01,140575532.014
2021-04-02,142207532.014
2021-04-05,143703532.014
2021-04-06,143567532.014
2021-04-07,144043532.014
2021-04-08,142615532.014
2021-04-09,143295532.014
2021-04-12,146491532.014
2021-04-13,144655532.014
2021-04-14,144043532.014
2021-04-15,147307532.014
2021-04-16,146695532.014
2021-04-19,149959532.014
2021-04-20,152679532.014
2021-04-22,147987532.014
2021-04-23,150095532.014
2021-04-26,145063532.014
2021-04-27,146423532.014
2021-04-28,147579532.014
2021-04-29,150095532.014
2021-05-04,151455532.014
2021-05-05,153495532.014
2021-05-06,152815532.014
2021-05-07,152815532.014
2021-05-10,156827532.014
2021-05-11,158459532.014
2021-05-12,157507532.014
2021-05-13,156895532.014
2021-05-14,156895532.014
2021-05-17,156895532.014
2021-05-18,157575532.014
2021-05-19,158323532.014
2021-05-20,161927532.014
2021-05-21,162607532.014
2021-05-24,173895532.014
2021-05-25,165055532.014
2021-05-26,166211532.014
2021-05-27,166143532.014
2021-05-28,166959532.014
2021-05-31,168387532.014
2021-06-01,170291532.014
2021-06-02,167707532.014
2021-06-03,172263532.014
2021-06-04,172127532.014
2021-06-07,169951532.014
2021-06-08,166823532.014
2021-06-09,167775532.014
2021-06-10,167095532.014
2021-06-11,170359532.014
2021-06-14,171175532.014
2021-06-15,170835532.014
2021-06-16,168999532.014
2021-06-17,168931532.014
2021-06-18,169815532.014
2021-06-21,169135532.014
2021-06-22,171243532.014
2021-06-23,171175532.014
2021-06-24,169815532.014
2021-06-25,172263532.014
2021-06-28,174575532.014
2021-06-29,175935532.014
2021-06-30,176207532.014
2021-07-01,176547532.014
2021-07-02,178655532.014
2021-07-05,177295532.014
2021-07-06,174575532.014
2021-07-07,177295532.014
2021-07-08,172535532.014
2021-07-09,173827532.014
2021-07-12,168795532.014
2021-07-13,170155532.014
2021-07-14,164443532.014
2021-07-15,165395532.014
2021-07-16,167095532.014
2021-07-19,158935532.014
2021-07-20,163559532.014
2021-07-21,160975532.014
2021-07-22,163695532.014
2021-07-23,162471532.014
2021-07-26,163423532.014
2021-07-27,162879532.014
2021-07-28,162335532.014
2021-07-29,164035532.014
2021-07-30,167775532.014
2021-08-02,168455532.014
2021-08-03,168455532.014
2021-08-04,167095532.014
2021-08-05,168727532.014
2021-08-06,169951532.014
2021-08-09,171855532.014
2021-08-10,171787532.014
2021-08-11,171175532.014
2021-08-12,169339532.014
2021-08-13,169271532.014
2021-08-16,172535532.014
2021-08-17,172263532.014
2021-08-18,171651532.014
2021-08-19,170563532.014
2021-08-20,164375532.014
2021-08-23,161655532.014
2021-08-24,163355532.014
2021-08-25,164035532.014
2021-08-26,163627532.014
2021-08-27,162335532.014
2021-08-30,163695532.014
2021-08-31,164375532.014
2021-09-01,164035532.014
2021-09-06,166415532.014
2021-09-07,167435532.014
2021-09-08,165395532.014
2021-09-09,165599532.014
2021-09-10,167027532.014
2021-09-13,165735532.014
2021-09-14,165055532.014
2021-09-15,166415532.014
2021-09-16,166415532.014
2021-09-17,167503532.014
2021-09-20,170427532.014
2021-09-21,169475532.014
2021-09-22,167095532.014
2021-09-23,169407532.014
2021-09-24,167775532.014
2021-09-27,166687532.014
2021-09-28,165803532.014
2021-09-29,166415532.014
2021-09-30,167435532.014
2021-10-01,167571532.014
2021-10-04,167435532.014
2021-10-05,167095532.014
2021-10-06,167299532.014
2021-10-07,167775532.014
2021-10-08,169815532.014
2021-10-11,173215532.014
2021-10-12,173555532.014
2021-10-13,173215532.014
2021-10-14,171855532.014
2021-10-15,172807532.014
2021-10-18,176275532.014
2021-10-19,175119532.014
2021-10-20,175731532.014
2021-10-21,173555532.014
2021-10-22,173895532.014
2021-10-25,170495532.014
2021-10-26,173079532.014
2021-10-27,173623532.014
2021-10-28,176819532.014
2021-10-29,175323532.014
2021-11-01,175187532.014
2021-11-02,175187532.014
2021-11-03,175255532.014
2021-11-04,174915532.014
2021-11-05,177023532.014
2021-11-08,176955532.014
2021-11-09,175187532.014
2021-11-10,175323532.014
2021-11-11,175187532.014
2021-11-12,176547532.014
2021-11-15,175935532.014
2021-11-16,173895532.014
2021-11-17,174031532.014
2021-11-18,173215532.014
2021-11-19,173895532.014
2021-11-22,172195532.014
2021-11-23,174575532.014
2021-11-24,178655532.014
2021-11-25,178655532.014
2021-11-26,179607532.014
2021-11-29,178655532.014
2021-11-30,175935532.014
2021-12-01,178655532.014
2021-12-02,178519532.014
2021-12-03,173895532.014
2021-12-06,170563532.014
2021-12-07,177159532.014
2021-12-08,173895532.014
2021-12-09,175595532.014
2021-12-10,174575532.014
2021-12-13,177295532.014
2021-12-14,173895532.014
2021-12-15,175255532.014
2021-12-16,172875532.014
2021-12-17,173895532.014
2021-12-20,173895532.014
2021-12-21,172943532.014
2021-12-22,173215532.014
2021-12-23,172127532.014
2021-12-24,172535532.014
2021-12-27,173895532.014
2021-12-28,173215532.014
2021-12-29,173895532.014
2021-12-30,174575532.014
2021-12-31,176139532.014
2022-01-04,178655532.014
2022-01-05,177227532.014
2022-01-06,176071532.014
2022-01-07,176275532.014
2022-01-10,174439532.014
2022-01-11,173215532.014
2022-01-12,171923532.014
2022-01-13,176003532.014
2022-01-14,174915532.014
2022-01-17,170495532.014
2022-01-18,172467532.014
2022-01-19,171855532.014
2022-01-20,170155532.014
2022-01-21,171243532.014
2022-01-24,170291532.014
2022-01-25,171719532.014
2022-01-26,173895532.014
2022-01-27,174439532.014
2022-01-28,175527532.014
2022-02-07,176683532.014
2022-02-08,177975532.014
2022-02-09,179335532.014
2022-02-10,178451532.014
2022-02-11,177839532.014
2022-02-14,177295532.014
2022-02-15,175187532.014
2022-02-16,176683532.014
2022-02-17,176955532.014
2022-02-18,175595532.014
2022-02-21,176615532.014
2022-02-22,176615532.014
2022-02-23,175799532.014
2022-02-24,173215532.014
2022-02-25,173895532.014
2022-02-28,175935532.014
2022-03-01,174575532.014
2022-03-02,173215532.014
2022-03-03,175119532.014
2022-03-04,175255532.014
2022-03-07,174575532.014
2022-03-08,172535532.014
2022-03-09,170495532.014
2022-03-10,171515532.014
2022-03-11,170427532.014
2022-03-14,167095532.014
2022-03-15,168455532.014
2022-03-16,169407532.014
2022-03-17,169543532.014
2022-03-18,170495532.014
2022-03-21,172399532.014
2022-03-22,173283532.014
2022-03-23,172331532.014
2022-03-24,171515532.014
2022-03-25,171719532.014
2022-03-28,171379532.014
2022-03-29,171447532.014
2022-03-30,171515532.014
2022-03-31,172535532.014
2022-04-01,176479532.014
2022-04-04,177975532.014
2022-04-05,176615532.014
2022-04-06,175935532.014
2022-04-07,175663532.014
2022-04-08,176479532.014
2022-04-12,176615532.014
2022-04-13,176615532.014
2022-04-14,174031532.014
2022-04-15,173895532.014
2022-04-18,172535532.014
2022-04-19,170155532.014
2022-04-20,169135532.014
2022-04-21,170427532.014
2022-04-22,169135532.014
2022-04-25,157439532.014
2022-04-26,160635532.014
2022-04-27,160635532.014
2022-04-28,160635532.014
2022-04-29,160635532.014
2022-05-04,163056977.844
2022-05-05,163056977.844
2022-05-06,163056977.844
2022-05-09,163056977.844
2022-05-10,163056977.844
2022-05-11,163056977.844
2022-05-12,163056977.844
2022-05-13,163056977.844
2022-05-16,163056977.844
2022-05-17,163056977.844
2022-05-18,163056977.844
2022-05-19,163056977.844
2022-05-20,163056977.844
2022-05-23,163056977.844
2022-05-24,163056977.844
2022-05-25,163056977.844
2022-05-26,163056977.844
2022-05-27,163056977.844
2022-05-30,163056977.844
2022-05-31,163056977.844
2022-06-01,163056977.844
2022-06-02,163056977.844
2022-06-03,163056977.844
2022-06-06,163056977.844
2022-06-07,163056977.844
2022-06-08,163056977.844
2022-06-09,163056977.844
2022-06-10,163056977.844
2022-06-13,163056977.844
2022-06-14,163056977.844
2022-06-15,163056977.844
2022-06-16,163056977.844
2022-06-17,163056977.844
2022-06-20,163056977.844
2022-06-21,163056977.844
2022-06-22,163056977.844
2022-06-23,163056977.844
2022-06-24,163056977.844
2022-06-27,163056977.844
2022-06-28,163056977.844
2022-06-29,163056977.844
2022-06-30,163056977.844
2022-07-01,163056977.844
2022-07-04,163056977.844
2022-07-05,163056977.844
2022-07-06,163056977.844
2022-07-07,163056977.844
2022-07-08,163056977.844
2022-07-11,163056977.844
2022-07-12,163056977.844
2022-07-13,163056977.844
2022-07-14,163056977.844
2022-07-15,163056977.844
2022-07-18,163056977.844
2022-07-19,163056977.844
2022-07-20,163056977.844
2022-07-21,163056977.844
2022-07-22,163056977.844
2022-07-25,163056977.844
2022-07-26,163056977.844
2022-07-27,163056977.844
2022-07-28,163056977.844
2022-07-29,163056977.844
2022-08-01,163056977.844
2022-08-02,163056977.844
2022-08-03,163056977.844
2022-08-04,163056977.844
2022-08-05,163056977.844
2022-08-08,163056977.844
2022-08-09,163056977.844
2022-08-10,163056977.844
2022-08-11,163056977.844
2022-08-12,163056977.844
2022-08-15,163056977.844
2022-08-16,163056977.844
2022-08-17,163056977.844
2022-08-18,163056977.844
2022-08-19,163056977.844
2022-08-22,163056977.844
2022-08-23,163056977.844
2022-08-24,163056977.844
2022-08-25,163056977.844
2022-08-26,163056977.844
2022-08-29,163056977.844
2022-08-30,163056977.844
2022-08-31,163056977.844
2022-09-05,163056977.844
2022-09-06,163056977.844
2022-09-07,163056977.844
2022-09-08,163056977.844
2022-09-09,163056977.844
2022-09-12,163056977.844
2022-09-13,163056977.844
2022-09-14,163056977.844
2022-09-15,163056977.844
2022-09-16,163056977.844
2022-09-19,163056977.844
2022-09-20,163056977.844
2022-09-21,163056977.844
2022-09-22,163056977.844
2022-09-23,163056977.844
2022-09-26,163056977.844
2022-09-27,163056977.844
2022-09-28,163056977.844
2022-09-29,163056977.844
2022-09-30,163056977.844
2022-10-03,163056977.844
2022-10-04,163056977.844
2022-10-05,163056977.844
2022-10-06,163056977.844
2022-10-07,163056977.844
2022-10-10,163056977.844
2022-10-11,163056977.844
2022-10-12,163056977.844
2022-10-13,163056977.844
2022-10-14,163056977.844
2022-10-17,163056977.844
2022-10-18,163056977.844
2022-10-19,163056977.844
2022-10-20,163056977.844
2022-10-21,163056977.844
2022-10-24,163056977.844
2022-10-25,163056977.844
2022-10-26,163056977.844
2022-10-27,163056977.844
2022-10-28,163056977.844
2022-10-31,163056977.844
2022-11-01,163056977.844
2022-11-02,163056977.844
2022-11-03,163056977.844
2022-11-04,163056977.844
2022-11-07,163056977.844
2022-11-08,163056977.844
2022-11-09,163056977.844
2022-11-10,163056977.844
2022-11-11,163056977.844
2022-11-14,163056977.844
2022-11-15,163056977.844
2022-11-16,163056977.844
2022-11-17,163056977.844
2022-11-18,163056977.844
2022-11-21,163056977.844
2022-11-22,163056977.844
2022-11-23,163056977.844
2022-11-24,163056977.844
2022-11-25,163056977.844
2022-11-28,163056977.844
2022-11-29,163056977.844
2022-11-30,163056977.844
2022-12-01,163056977.844
2022-12-02,163056977.844
2022-12-05,163056977.844
2022-12-06,163056977.844
2022-12-07,163056977.844
2022-12-08,163056977.844
2022-12-09,163056977.844
2022-12-12,163056977.844
2022-12-13,163056977.844
2022-12-14,163056977.844
2022-12-15,163056977.844
2022-12-16,163056977.844
2022-12-19,163056977.844
2022-12-20,163056977.844
2022-12-21,163056977.844
2022-12-22,163056977.844
2022-12-23,163056977.844
2022-12-26,163056977.844
2022-12-27,163056977.844
2022-12-28,163056977.844
2022-12-29,163056977.844
2022-12-30,163056977.844
2023-01-03,163056977.844
2023-01-04,163056977.844
2023-01-05,163056977.844
2023-01-06,163056977.844
2023-01-09,163056977.844
2023-01-10,163056977.844
2023-01-11,163056977.844
2023-01-12,163056977.844
2023-01-13,163056977.844
2023-01-16,163056977.844
2023-01-17,163056977.844
2023-01-18,163056977.844
2023-01-19,163056977.844
2023-01-27,163056977.844
2023-01-30,163056977.844
2023-01-31,163056977.844
2023-02-01,163056977.844
2023-02-02,163056977.844
2023-02-03,163056977.844
2023-02-06,163056977.844
2023-02-07,163056977.844
2023-02-08,163056977.844
2023-02-09,163056977.844
2023-02-10,163056977.844
2023-02-13,163056977.844
2023-02-14,163056977.844
2023-02-15,163056977.844
2023-02-16,163056977.844
2023-02-17,163056977.844
2023-02-20,163056977.844
2023-02-21,163056977.844
2023-02-22,163056977.844
2023-02-23,163056977.844
2023-02-24,163056977.844
2023-02-27,163056977.844
2023-02-28,163056977.844
2023-03-01,163056977.844
2023-03-02,163056977.844
2023-03-03,163056977.844
2023-03-06,163056977.844
2023-03-07,163056977.844
2023-03-08,163056977.844
2023-03-09,163056977.844
2023-03-10,163056977.844
2023-03-13,163056977.844
2023-03-14,163056977.844
2023-03-15,163056977.844
2023-03-16,163056977.844
2023-03-17,163056977.844
2023-03-20,163056977.844
2023-03-21,163056977.844
2023-03-22,163056977.844
2023-03-23,163056977.844
2023-03-24,163056977.844
2023-03-27,163056977.844
2023-03-28,163056977.844
2023-03-29,163056977.844
2023-03-30,163056977.844
2023-03-31,163056977.844
2023-04-03,163056977.844
2023-04-04,163056977.844
2023-04-05,163056977.844
2023-04-06,163056977.844
2023-04-07,163056977.844
2023-04-10,163056977.844
2023-04-11,163056977.844
2023-04-12,163056977.844
2023-04-13,163056977.844
2023-04-14,163056977.844
2023-04-17,163056977.844
2023-04-18,163056977.844
2023-04-19,163056977.844
2023-04-20,163056977.844
2023-04-21,163056977.844
2023-04-24,163056977.844
2023-04-25,163056977.844
2023-04-26,163056977.844
2023-04-27,163056977.844
2023-04-28,163056977.844
2023-05-04,163056977.844
2023-05-05,163056977.844
2023-05-08,163056977.844
2023-05-09,163056977.844
2023-05-10,163056977.844
2023-05-11,163056977.844
2023-05-12,163056977.844
2023-05-15,163056977.844
2023-05-16,163056977.844
2023-05-17,163056977.844
2023-05-18,163056977.844
2023-05-19,163056977.844
2023-05-22,163056977.844
2023-05-23,163056977.844
2023-05-24,163056977.844
2023-05-25,163056977.844
2023-05-26,163056977.844
2023-05-29,163056977.844
2023-05-30,163056977.844
2023-05-31,163056977.844
2023-06-01,163056977.844
2023-06-02,163056977.844
2023-06-05,163056977.844
2023-06-06,163056977.844
2023-06-07,163056977.844
2023-06-08,163056977.844
2023-06-09,163056977.844
2023-06-12,163056977.844
2023-06-13,163056977.844
2023-06-14,163056977.844
2023-06-15,163056977.844
2023-06-16,163056977.844
2023-06-19,163056977.844
2023-06-20,163056977.844
2023-06-21,163056977.844
2023-06-22,163056977.844
2023-06-23,163056977.844
2023-06-26,163056977.844
2023-06-27,163056977.844
2023-06-28,163056977.844
2023-06-29,163056977.844
2023-06-30,163056977.844
2023-07-03,160994186.31400004
2023-07-04,161824186.31400004
2023-07-05,163152186.31400004
2023-07-06,162654186.31400004
2023-07-07,162737186.31400004
2023-07-10,163816186.31400004
2023-07-11,164314186.31400004
2023-07-12,164314186.31400004
2023-07-13,165974186.31400004
2023-07-14,166472186.31400004
2023-07-17,167634186.31400004
2023-07-18,167883186.31400004
2023-07-19,168547186.31400004
2023-07-20,167717186.31400004
2023-07-21,169709186.31400004
2023-07-24,170871186.31400004
2023-07-25,171784186.31400004
2023-07-26,172199186.31400004
2023-07-27,172033186.31400004
2023-07-28,173859186.31400004
2023-07-31,177594186.31400004
2023-08-01,176100186.31400004
2023-08-02,175104186.31400004
2023-08-03,173444186.31400004
2023-08-04,177096186.31400004
2023-08-07,179171186.31400004
2023-08-08,179088186.31400004
2023-08-09,178175186.31400004
2023-08-10,176764186.31400004
2023-08-11,177677186.31400004
2023-08-14,177677186.31400004
2023-08-15,178341186.31400004
2023-08-16,179420186.31400004
2023-08-17,179752186.31400004
2023-08-18,170954186.31400004
2023-08-21,171369186.31400004
2023-08-22,172199186.31400004
2023-08-23,171286186.31400004
2023-08-24,172946186.31400004
2023-08-25,172282186.31400004
2023-08-28,174274186.31400004
2023-08-29,175104186.31400004
2023-08-30,176598186.31400004
2023-08-31,177594186.31400004
2023-09-05,179088186.31400004
2023-09-06,181246186.31400004
2023-09-07,180665186.31400004
2023-09-08,180416186.31400004
2023-09-11,176764186.31400004
2023-09-12,182491186.31400004
2023-09-13,179918186.31400004
2023-09-14,177843186.31400004
2023-09-15,178756186.31400004
2023-09-18,176515186.31400004
2023-09-19,177594186.31400004
2023-09-20,178009186.31400004
2023-09-21,176266186.31400004
2023-09-22,173444186.31400004
2023-09-25,172282186.31400004
2023-09-26,167551186.31400004
2023-09-27,167634186.31400004
2023-09-28,167634186.31400004
2023-09-29,168796186.31400004
2023-10-02,168049186.31400004
2023-10-03,163899186.31400004
2023-10-04,164978186.31400004
2023-10-05,163401186.31400004
2023-10-06,164729186.31400004
2023-10-09,165559186.31400004
2023-10-10,167053186.31400004
2023-10-11,167219186.31400004
2023-10-12,167634186.31400004
2023-10-13,168132186.31400004
2023-10-16,165559186.31400004
2023-10-17,165974186.31400004
2023-10-18,163401186.31400004
2023-10-19,164978186.31400004
2023-10-20,162737186.31400004
2023-10-23,160745186.31400004
2023-10-24,159500186.31400004
2023-10-25,160164186.31400004
2023-10-26,154437186.31400004
2023-10-27,153690186.31400004
2023-10-30,153690186.31400004
2023-10-31,153524186.31400004
2023-11-01,152827531.62400004
2023-11-02,152827531.62400004
2023-11-03,152827531.62400004
2023-11-06,152827531.62400004
2023-11-07,152827531.62400004
2023-11-08,152827531.62400004
2023-11-09,152827531.62400004
2023-11-10,152827531.62400004
2023-11-13,152827531.62400004
2023-11-14,152827531.62400004
2023-11-15,152827531.62400004
2023-11-16,152827531.62400004
2023-11-17,152827531.62400004
2023-11-20,152827531.62400004
2023-11-21,152827531.62400004
2023-11-22,152827531.62400004
2023-11-23,152827531.62400004
2023-11-24,152827531.62400004
2023-11-27,152827531.62400004
2023-11-28,152827531.62400004
2023-11-29,152827531.62400004
2023-11-30,152827531.62400004
2023-12-01,152827531.62400004
2023-12-04,152827531.62400004
2023-12-05,152827531.62400004
2023-12-06,152827531.62400004
2023-12-07,152827531.62400004
2023-12-08,152827531.62400004
2023-12-11,152827531.62400004
2023-12-12,152827531.62400004
2023-12-13,152827531.62400004
2023-12-14,152827531.62400004
2023-12-15,152827531.62400004
2023-12-18,152827531.62400004
2023-12-19,152827531.62400004
2023-12-20,152827531.62400004
2023-12-21,152827531.62400004
2023-12-22,152827531.62400004
2023-12-25,152827531.62400004
2023-12-26,152827531.62400004
2023-12-27,152827531.62400004
2023-12-28,152827531.62400004
2023-12-29,152827531.62400004
