date,universe,qualifying
2018-01-31,50,26
2018-02-28,50,24
2018-03-30,50,21
2018-04-27,50,15
2018-05-31,50,27
2018-06-29,50,21
2018-07-31,50,31
2018-08-31,50,11
2018-09-28,50,8
2018-10-31,50,9
2018-11-30,50,10
2018-12-28,50,8
2019-01-31,50,6
2019-02-28,50,5
2019-03-29,50,6
2019-04-26,49,3
2019-05-31,50,4
2019-06-28,50,1
2019-07-31,50,1
2019-08-30,50,5
2019-09-30,50,3
2019-10-31,50,3
2019-11-29,50,5
2019-12-31,50,8
2020-01-31,50,11
2020-02-28,50,15
2020-03-31,50,30
2020-04-29,50,43
2020-05-29,50,16
2020-06-30,50,20
2020-07-31,50,16
2020-08-31,50,12
2020-09-30,50,7
2020-10-30,49,8
2020-11-30,50,12
2020-12-31,50,22
2021-01-29,50,28
2021-02-26,50,33
2021-03-31,50,14
2021-04-29,50,20
2021-05-31,50,27
2021-06-30,50,25
2021-07-30,50,20
2021-08-31,49,11
2021-09-30,50,14
2021-10-29,50,12
2021-11-30,50,24
2021-12-31,50,25
2022-01-28,50,29
2022-02-28,50,18
2022-03-31,50,21
2022-04-29,49,21
2022-05-31,50,41
2022-06-30,50,35
2022-07-29,50,24
2022-08-31,50,18
2022-09-30,50,7
2022-10-31,50,36
2022-11-30,50,45
2022-12-30,50,38
2023-01-31,50,26
2023-02-28,50,17
2023-03-31,50,20
2023-04-28,50,6
2023-05-31,50,6
2023-06-30,50,11
2023-07-31,50,12
2023-08-31,50,16
2023-09-29,50,13
2023-10-31,50,15
2023-11-30,50,30
2023-12-29,50,5
