,M1_h1,M2_h2
2018-01-03,0.0,0.0
2018-01-04,0.0,0.0
2018-01-05,0.0,0.0
2018-01-08,0.0,0.0
2018-01-09,0.0,0.0
2018-01-10,0.0,0.0
2018-01-11,0.0,0.0
2018-01-12,0.0,0.0
2018-01-15,0.0,0.0
2018-01-16,0.0,0.0
2018-01-17,0.0,0.0
2018-01-18,0.0,0.0
2018-01-19,0.0,0.0
2018-01-22,0.0,0.0
2018-01-23,0.0,0.0
2018-01-24,0.0,0.0
2018-01-25,0.0,0.0
2018-01-26,0.0,0.0
2018-01-29,0.0,0.0
2018-01-30,0.0,0.0
2018-01-31,0.0,0.0
2018-02-01,-0.04299543002500017,-0.028093261946875114
2018-02-02,0.02145235314867544,0.012408597993834203
2018-02-05,-0.042781095712113304,-0.02269385654659639
2018-02-06,-0.023532817278444584,-0.015525613164724117
2018-02-07,0.016482532013309514,0.015527511751136425
2018-02-08,-0.025022757089233516,-0.008497964156715221
2018-02-09,-0.00669232743562298,-0.004038870771874703
2018-02-12,0.024303617692005952,0.00812103191562441
2018-02-13,-0.0006403893080905165,-0.0033120998891379427
2018-02-21,0.0067012439997853335,0.003763391733129229
2018-02-22,-0.022505256450647493,-0.014913577415925805
2018-02-23,0.01988886583046967,0.012096645030547304
2018-02-26,-0.001904649419186999,-2.0950158003740782e-05
2018-02-27,0.01852987164443931,0.013890245759345277
2018-02-28,0.0036300362056094215,0.00011364966134497223
2018-03-01,-0.01863045927368967,-0.008738173705793773
2018-03-02,0.004885272434834276,0.0013860834097354502
2018-03-05,-0.013132564294618954,-0.019211791714170645
2018-03-06,0.012904071347475732,0.016754947334469028
2018-03-07,-0.017075902374968033,-0.009267393600262075
2018-03-08,0.0014559229600648038,0.0010849891894688657
2018-03-09,0.0076625431380801245,-0.0031041253671775237
2018-03-12,0.006291696905028399,0.01593838764981581
2018-03-13,0.010057673978227655,-0.00326234371450429
2018-03-14,-0.0024973855518067856,-0.00040652177064026684
2018-03-15,0.007371823298649716,-0.0028259539359904995
2018-03-16,0.01069535898608076,0.00919207790066312
2018-03-19,-0.00275325803545301,-0.006072235472282972
2018-03-20,-0.008282578181290967,-0.01052973738446017
2018-03-21,0.005716593760110911,0.0031925377999615367
2018-03-22,-0.002102483111069975,0.0003255898220497766
2018-03-23,-0.02152439117548155,-0.014615274715094606
2018-03-26,0.003008072430272346,-0.008673339108835276
2018-03-27,-0.005922586460518908,-0.006836003102317467
2018-03-28,-0.0014650506086988369,0.003062743334818707
2018-03-29,-0.007683781427546776,0.003107338427813078
2018-03-30,0.0027380760578568086,-0.00523814627327035
2018-04-02,0.01066855377468845,0.011122796867207407
2018-04-03,0.011995882919592527,0.005261271799536615
2018-04-04,0.00048055489753395797,-0.006329416133430854
2018-04-05,0.0024336419822659217,0.0016700475973241424
2018-04-06,-0.0020763512314111443,0.0005236916425235272
2018-04-09,-0.0028275791311234144,0.0074773933305118945
2018-04-10,-0.015205220172021416,-0.0017706525433325293
2018-04-11,-0.02140519179329703,-0.015571143711115898
2018-04-12,-0.005984649979918766,0.0006689503673875663
2018-04-13,-0.005897810598120445,-0.018319143373138558
2018-04-16,-0.0012247638707826303,0.002251621161997175
2018-04-17,0.01280266450653933,0.00999446454355235
2018-04-18,-0.00980830520345588,-0.014723991138243964
2018-04-19,-0.0076506505026283644,-0.012444178591528132
2018-04-20,0.00835398781267438,0.010749869008568558
2018-04-23,-0.038576342719857215,-0.05115870476694584
2018-04-24,-0.0004780853448547173,-0.0016278594409179226
2018-04-26,-0.0318020492174228,-0.03679137671750354
2018-04-27,0.0010362476197787185,0.016722385517545568
2018-05-02,-0.02551017508352349,-0.0288990388850775
2018-05-03,-0.0003335045370402856,-0.0009062353552221625
2018-05-04,0.01821295142035284,0.009646677627350941
2018-05-07,0.027291894528645777,0.029901847653931224
2018-05-08,0.00144115335795858,0.008322282932706093
2018-05-09,0.010392040757218668,0.008744601206276625
2018-05-10,-0.01161603995651106,-0.019342540901091665
2018-05-11,0.0017953656658331596,0.004006263860307779
2018-05-14,0.011531058199707234,0.004837770375223371
2018-05-15,0.008951839920626314,0.0033033651746881
2018-05-16,-0.005025391579087768,-0.01298314764650832
2018-05-17,-0.006269925965810774,-0.0006269407663926918
2018-05-18,-0.007209171938971526,-0.0023672983686560123
2018-05-21,-0.01324021342458892,-0.009681496334595474
2018-05-22,-0.028207342117917533,-0.03038272215500981
2018-05-23,-0.003620590631763121,-0.0018039726253247235
2018-05-24,-0.021371359132864587,-0.01730487320387286
2018-05-25,-0.029566353035482607,-0.027749613899145542
2018-05-28,-0.047419293870946455,-0.054388459453356464
2018-05-29,0.02927423632364956,0.03155335165068185
2018-05-30,-0.007871055562857943,-0.01086458566913584
2018-05-31,0.02156045453584965,0.01930914304197673
2018-06-01,0.010257896956971324,0.009719930721008518
2018-06-04,0.027467227592236076,0.02079627646114668
2018-06-05,0.01985480917976412,0.020014739670843218
2018-06-06,0.016620157365788035,0.006227419598508144
2018-06-07,-0.011291098699538149,-0.007894867591209276
2018-06-08,0.011346444976273684,0.0021588692640972518
2018-06-11,-0.018278113877691737,-0.0040078485354415605
2018-06-12,-0.017988337544294186,-0.013643793699076312
2018-06-13,0.007158553486543262,-0.0028557464304470592
2018-06-14,-0.011816974512441347,-0.012299535363541336
2018-06-15,0.013374065338239038,0.000983789012225511
2018-06-18,-0.03495232889696753,-0.018505506019337092
2018-06-19,-0.023602608004251402,-0.021568609275210537
2018-06-20,0.023352382227458612,0.013089086898645519
2018-06-21,-0.02249608720247598,-0.015751205561416626
2018-06-22,0.01940094438136919,0.008521575903256418
2018-06-25,0.005582289099997251,0.004030620034661148
2018-06-26,-0.012070850299520708,-0.004054450378440544
2018-06-27,-0.017262483274578466,-0.005945738174165327
2018-06-28,-0.02483932496230612,-0.018954259249835848
2018-06-29,-0.005249856922712626,-0.00041195019914197495
2018-07-02,-0.029401072195443412,-0.028958221674311835
2018-07-03,-0.03700276791686219,-0.032608845357995575
2018-07-04,-0.00767025090355955,0.004050812565272066
2018-07-05,-0.02973581503973255,-0.03231945209575515
2018-07-06,0.020685291222440227,0.029365131215143725
2018-07-09,-0.01416237943554155,-0.010089143851846893
2018-07-10,-0.0029518836626877265,0.0018463717617296371
2018-07-11,-0.020481438623886405,-0.024872709028714413
2018-07-12,0.004619044036783482,0.009102133202254725
2018-07-13,0.024531920938240415,0.020317546425061783
2018-07-16,0.004698546529111836,0.0031426063904791413
2018-07-17,0.005575914475719257,0.008885916552607842
2018-07-18,0.03054219599590491,0.027801420372654206
2018-07-19,0.0029651480568189115,-0.007044705005774032
2018-07-20,0.01220048354562353,0.017061366657681765
2018-07-23,-0.0019376665783177316,-0.005507844039291165
2018-07-24,0.012762036814972788,0.008785451139761147
2018-07-25,0.005130697907781423,-0.010269581081191581
2018-07-26,0.004683806991375938,0.004012482783413596
2018-07-27,0.01670772319741287,0.017023462418776614
2018-07-30,0.017435351991570203,0.019895944857203807
2018-07-31,-0.004304382509162097,-0.007340779888776683
2018-08-01,-0.014026082891431702,-0.0030476528865966968
2018-08-02,-0.005181667043254179,0.00524564644466885
2018-08-03,0.006783687996176235,0.011374204927226517
2018-08-06,-0.007780925577303255,-0.010789448915457966
2018-08-07,-0.008934559571554201,-0.007429888633945114
2018-08-08,0.015364754228803346,0.01889850557141126
2018-08-09,-0.0039033235778194175,-0.004445604802756131
2018-08-10,0.004994859705666155,0.0047757449725986945
2018-08-13,0.02129426631366016,0.011090439823830733
2018-08-14,0.008697696923422926,0.015536907498995056
2018-08-15,-0.02510844741565843,-0.02517176917936259
2018-08-16,0.0012576809435658198,-0.0010731116162715493
2018-08-17,-0.007249888269261318,0.0008996964533427576
2018-08-20,-0.0012240153226610317,0.003447972326885429
2018-08-21,0.02570828314606599,0.017488136422896483
2018-08-22,0.003879741020235805,0.004691099562989853
2018-08-23,0.00604451749202517,0.006356384334648801
2018-08-24,0.017240346149926422,0.012814421005931997
2018-08-27,0.00035281431062172963,-0.004375690296650192
2018-08-28,0.0027431434845572866,0.0059672975779243576
2018-08-29,-0.0031264448384200616,-0.0008712077995290946
2018-08-30,0.014204599644584981,0.007911822434198967
2018-08-31,-0.0056306082811667935,-0.008231388677004792
2018-09-04,-0.010606827346660186,-0.009732888822775121
2018-09-05,-0.009102108866419711,-0.008705132520612113
2018-09-06,-0.013758752120011986,-0.006128809167675331
2018-09-07,-0.0010855008642344233,0.004878059169681981
2018-09-10,-0.00221360833794515,-0.005220747463676734
2018-09-11,0.020343149433758256,0.012798112158099118
2018-09-12,0.0005270999798465681,0.001220781788867198
2018-09-13,0.017530011760551245,0.005240366939540442
2018-09-14,0.0030547025501515,0.0027355601835818977
2018-09-17,-0.006877957931953449,-0.005932324809169609
2018-09-18,0.026818802255144547,0.01267332978849578
2018-09-19,0.007352110148890034,0.007631554381583472
2018-09-20,0.0014823016068941097,0.005899155795088262
2018-09-21,0.0024333973080181703,0.001286419578443665
2018-09-24,0.008333549036065424,0.012432008435889763
2018-09-25,-0.0017000907954870526,0.0006469364484635864
2018-09-26,0.001640833251670859,-0.006353284543370252
2018-09-27,0.00524951116583261,0.0019019057566507236
2018-09-28,0.010012106948596111,0.0011239906841904457
2018-10-01,-0.007365813843232982,-0.017891952922161947
2018-10-02,-0.015268996768749266,-0.01285445228295179
2018-10-03,-0.010266309756255865,-0.006382246140470893
2018-10-04,0.007972273916555306,0.009971563407886075
2018-10-05,-0.006580570859939461,-0.01805369240726329
2018-10-08,-0.008314900020588545,-0.01610047612464116
2018-10-09,-0.007519436736706964,0.00026543298304515517
2018-10-10,-0.017280874287117665,-0.015284882711387615
2018-10-11,-0.045944736158695876,-0.06264098416290531
2018-10-12,0.010665162597170985,0.02416355219610211
2018-10-15,-0.008672086714348382,-0.016281024818461498
2018-10-16,0.012432733494554649,0.010301249308523275
2018-10-17,0.006038931219228383,0.013303095634667361
2018-10-18,-0.010678877470521653,-0.016403589926686446
2018-10-19,-0.012487080788415428,-0.0018986735674271227
2018-10-22,-0.008516846394550859,-0.005153205934821714
2018-10-23,-0.022533204558139452,-0.01927835696319702
2018-10-24,-0.01207115684213722,-0.023891425424412138
2018-10-25,-0.001948108336908283,0.002086886437998592
2018-10-26,-0.009659088353042078,-0.01674957503320862
2018-10-29,-0.010260525680641508,-0.010196735545173863
2018-10-30,0.007262683837639727,0.008926171457230625
2018-10-31,0.008809379947365858,0.025269057061810374
2018-11-01,0.0016244565161116498,-0.003628998845265241
2018-11-02,0.024471635715883844,0.01852236758068071
2018-11-05,0.005097595513021025,-0.00036400177214734875
2018-11-06,-0.007377079017676258,-0.0034811240770612484
2018-11-07,-0.007108166490581103,-0.003449435873209672
2018-11-08,0.014388990205217667,0.01485751504351951
2018-11-09,-0.006568369953073416,-0.007226061702024444
2018-11-12,0.001477103963317239,0.0012956010762787962
2018-11-13,0.010085679979860318,-0.0022534643061096205
2018-11-14,-0.0009178389018591471,-0.0026519793906518707
2018-11-15,-0.006027111379486971,0.0
2018-11-16,-0.007338006109109507,-0.002600590842637085
2018-11-19,0.009903358478671631,0.008510577921863716
2018-11-20,-0.0005587603265907459,0.004081396448107233
2018-11-21,-0.002445943124813721,-0.00015912053373823287
2018-11-22,0.0024799626080167503,-0.0019820893113040583
2018-11-23,-0.006373250786841034,-0.010394018195030164
2018-11-26,-0.002545959354163796,-0.0045264787378759275
2018-11-27,-0.009984199602548705,-0.004547060912415857
2018-11-28,0.0027918619677411716,0.00019217412473704343
2018-11-29,-0.0034374978590009375,-0.004995567224404973
2018-11-30,-0.003705918605205971,0.00031193376452964827
2018-12-03,0.025754806389650664,0.016297283266690332
2018-12-04,-0.0031381517134021486,0.0059321607451281455
2018-12-05,0.006547903879655648,-0.002033509565116831
2018-12-06,-0.004420273214609249,-1.4554665373478493e-05
2018-12-07,0.002178063552581877,0.006462365483408616
2018-12-10,-0.0006129904851610579,-0.004193812443537448
2018-12-11,-0.0012127927988329068,-0.0029770768568821993
2018-12-12,0.009728080683976126,0.003364674230072806
2018-12-13,0.003939442914807856,0.004267952387044582
2018-12-14,-0.014029965996139815,-0.00819607059310512
2018-12-17,-0.02382307101703296,-0.016819094692781533
2018-12-18,-0.01735205757880809,-0.009976505256492407
2018-12-19,-0.014135509279768144,-0.004731566550646549
2018-12-20,0.0027908520239270374,0.0010531147131902507
2018-12-21,-0.006214083624294653,-0.005590664864386419
2018-12-24,-0.008964522865110625,-0.004004987827153306
2018-12-25,-0.02958887118677611,-0.018466676496257106
2018-12-26,-0.010307490715886658,-0.009399325586503027
2018-12-27,0.01682876497532515,0.004993953259227801
2018-12-28,-0.0235010414069452,-0.01448814186813352
2019-01-02,-0.0070919263310830205,-0.01353919445293672
2019-01-03,-0.02428590192067126,-0.00991929845681827
2019-01-04,-1.6183606910580295e-05,0.0023231714089644306
2019-01-07,0.016232420430459582,0.013021454968754398
2019-01-08,0.0030576694383450675,0.005116208324603688
2019-01-09,0.0071286902062839275,0.00344613721293463
2019-01-10,-0.000725164047946425,0.0012445406825081218
2019-01-11,-0.00227172613290727,-0.0040593972325557726
2019-01-14,-0.005708058353521062,-0.0011058760361629671
2019-01-15,0.002083236510667552,0.0031947753012313562
2019-01-16,-0.0022217312380889975,-0.00045719522406806323
2019-01-17,-0.004119354889904225,-0.0028548340287702922
2019-01-18,0.00041523647992791624,0.0017557669934895603
2019-01-21,-0.0031289449812031966,0.00288956947045671
2019-01-22,0.00578109453394382,-0.004975262718338924
2019-01-23,-0.0028182055612180346,-0.00368681188739417
2019-01-24,-0.0017723440801986623,0.0017787593734697182
2019-01-25,-0.0015035688371716205,0.0020134047127682297
2019-01-28,0.000512623986616223,-0.00096512521768366
2019-01-29,-0.009894978338283344,-0.0038800673464570723
2019-01-30,-0.005013105026596909,-0.005500949367788555
2019-01-31,0.0020478507144237046,0.0033092343326261986
2019-02-01,0.0030066542726281398,5.951562950134992e-05
2019-02-11,0.011707766166921818,0.014674257988139372
2019-02-12,0.013042791407441356,0.01928271774265089
2019-02-13,0.0038813937882808958,0.011307621856138539
2019-02-14,-0.0018860423504880597,-0.0020260192958777568
2019-02-15,0.0005511351497924366,0.0013737737931831528
2019-02-18,0.0007711641940157943,0.001874915141397926
2019-02-19,-0.007454084900369584,-0.008520224320160419
2019-02-20,-0.0033430882585993027,-0.004987265665161611
2019-02-21,-0.0015579222495077927,-0.0012954772457216546
2019-02-22,0.007228574835900892,0.015210718080066687
2019-02-25,0.003793848920169429,0.011894989019231694
2019-02-26,0.0022677060180738007,0.005486744179435732
2019-02-27,-0.0001728356027108635,0.0017043168942845188
2019-02-28,-0.005956001538881872,-0.013133746346236985
2019-03-01,0.0050732277321288155,0.014393815192799808
2019-03-04,0.011325171187088756,0.017607226820353317
2019-03-05,-0.0014775598028126113,-0.0012013643246971961
2019-03-06,0.004112136853829718,0.013010876607946198
2019-03-07,-0.002947372433873219,0.004836322985384056
2019-03-08,-0.0036873272257142986,-0.007061054837941283
2019-03-11,-0.004419306419923719,0.0003047686238779601
2019-03-12,0.005458464088759607,0.009720607844588836
2019-03-13,0.0016380093563597153,0.0030749012530597586
2019-03-14,0.0008098780458092314,-0.0011029980929855299
2019-03-15,0.0009337184701514456,-0.005248611312589246
2019-03-18,-0.005006281332465945,-0.006761166257213014
2019-03-19,-0.003015757036121891,-0.00622662016156228
2019-03-20,-0.004451117781262948,-0.0051848485518858345
2019-03-21,-0.016294029827609413,-0.024914213020031384
2019-03-22,0.00684962221556451,0.007001247939261601
2019-03-25,0.000651691558180012,-0.006982474796345284
2019-03-26,0.0066079787141737345,0.004366501170538717
2019-03-27,-0.0022408009537752127,-0.0019039129366178464
2019-03-28,-0.008682834839961129,-0.007284718085220021
2019-03-29,0.005073453560624053,0.007368435132467432
2019-04-01,0.00738950356896817,0.003865439782118285
2019-04-02,-0.0022848060911561108,-0.005386230844882212
2019-04-03,-0.0038219950974015537,-0.003535052409848527
2019-04-04,0.0017914976987538633,-0.0009812492212120105
2019-04-05,0.0032284245198204164,0.009988350834109871
2019-04-08,0.0035493036790117394,0.006702764766302494
2019-04-09,-0.0075922247862459935,-0.011295053570017699
2019-04-10,-0.010152892749958675,-0.005261093742907952
2019-04-11,0.0006720675727296399,0.002916461182482122
2019-04-12,0.005612792539096967,0.003796948202801742
2019-04-16,-0.005088515039868846,-0.012428496594255822
2019-04-17,-0.014384645032220922,-0.018087005576048143
2019-04-18,-0.0127621519595158,-0.011702226483980893
2019-04-19,0.011432379224483258,0.010807070321497081
2019-04-22,-0.001591536508554925,-0.004478045050658852
2019-04-23,0.0018380643819435605,0.00395342487026995
2019-04-24,0.010959443958642678,0.01018571633794152
2019-04-25,-0.0016381406431752454,-0.003667945594376998
2019-04-26,0.004423802466236637,0.012923580201122054
2019-05-02,-0.0011950303104544258,-0.0022287476356857017
2019-05-03,-0.00288627592725732,-0.0036425969040093653
2019-05-06,-0.008796460858831567,-0.01465424912097646
2019-05-07,0.00202799937683662,0.0033532286197146544
2019-05-08,-0.0003076320277186628,-0.0030635202177338172
2019-05-09,-0.003708916473472712,-0.00574235181371463
2019-05-10,0.0021133366237402473,0.003262386552597807
2019-05-13,-0.00022711013776943734,0.004076391554533876
2019-05-14,0.003407425927514085,0.0053149840561144135
2019-05-15,-0.00037192695470300574,0.002635735346544932
2019-05-16,-0.002216215261249821,0.0005534329491183598
2019-05-17,-0.0008916976491848416,-0.003533865861561125
2019-05-20,0.0027099347590697764,0.004086067672943061
2019-05-21,-0.0007929816295692005,-0.0018581215083613989
2019-05-22,-0.0012309067772223736,0.0008615579410620189
2019-05-23,0.0036810552256862916,0.0029206267251693507
2019-05-24,-0.0010986507633407028,-0.0017012920372917462
2019-05-27,0.0027981710076832034,0.0015353075355768464
2019-05-28,0.0011774364503103207,0.005212043531251709
2019-05-29,0.0023037725555128397,0.0014792554167604166
2019-05-30,-0.0021538179704638782,-0.0027714105393539246
2019-05-31,-0.004236394020317169,-0.007986131266393803
2019-06-03,-0.005977021746453648,-0.011554103943748562
2019-06-04,0.0023434215364863675,0.0034727136340164666
2019-06-05,0.0009741428129550478,0.0014587685611544554
2019-06-06,0.000486597391126109,-0.0027738214284916962
2019-06-07,0.002285895427541762,0.00506581583437038
2019-06-10,0.004965740299758048,0.007297587208341616
2019-06-11,-0.0012071344216809665,-0.0006139591733176353
2019-06-12,-0.004528196441690779,-0.006619474179392348
2019-06-13,-0.002055860758076511,-0.0004947440259094327
2019-06-14,0.001978989885799143,0.0042847478276688555
2019-06-17,-0.0025578920718564158,0.0008779372716523071
2019-06-18,-0.0020775304607046907,0.0003539446491163112
2019-06-19,-0.0009108118158497325,-0.0021690668584524175
2019-06-20,0.0006348936403819394,0.002220032616315537
2019-06-21,-0.001090022667068813,-0.0011998539522620755
2019-06-24,-0.005716648532317792,-0.006006476656065574
2019-06-25,-0.002768285720953001,-0.008227467074487627
2019-06-26,-0.003334449652279581,-0.005108663628003884
2019-06-27,-0.0019282553319799334,-0.005763017930109804
2019-06-28,0.004507954929415359,0.006443979591411075
2019-07-01,-0.0010185942854158414,0.003590333582423666
2019-07-02,-0.0004442934363809714,-0.004143752342171125
2019-07-03,0.0004444909207796943,-0.00043965224617881216
2019-07-04,-0.0012341484343915132,0.003110336921735346
2019-07-05,0.0037070203164943916,-0.001315445397499393
2019-07-08,-0.00044319948847126867,-0.00039201728373028377
2019-07-09,0.0016257853382917187,-0.0016000577679193828
2019-07-10,-0.0005902350729419803,0.00029852763784310454
2019-07-11,0.0005905836561292954,0.0005497552157427421
2019-07-12,0.0,-0.0006279464582938932
2019-07-15,0.0012296564019624867,-0.0035030012021868284
2019-07-16,-0.00039300678531839495,0.000173401205906476
2019-07-17,0.0,-0.0042081904744285525
2019-07-18,-0.00122862906367871,-0.001424485678217735
2019-07-19,0.0,0.0017435216728076686
2019-07-22,0.0012301404499879265,-0.006423979644626487
2019-07-23,0.0,-0.00017517402394762183
2019-07-24,-0.0003931613003771428,0.0011308667985130416
2019-07-25,0.00039331593698244127,0.002179630218640982
2019-07-26,0.0,-0.0028892696124143136
2019-07-29,-0.0016217903640559639,-0.0054768611982498605
2019-07-30,-0.0016244248406095396,-0.008036410588819543
2019-07-31,0.0018242882404235772,0.0060035151169197665
2019-08-01,-0.0004046323477424618,-0.0031267958583707234
2019-08-02,-0.00019694090737154557,-0.000579329640203019
2019-08-05,0.0,-0.0008211927315773249
2019-08-06,-0.000689428952563742,-0.00048345155488960234
2019-08-07,0.0,-0.00019347415733805828
2019-08-08,0.0011826935875962619,0.001548092774649401
2019-08-09,0.00019688274597151612,-0.0012075780373602685
2019-08-12,-0.0006889539677513712,-0.002466437612105965
2019-08-13,0.0010833883540286582,0.001066584142978666
2019-08-14,-0.0003935330523391345,0.0020340366199360638
2019-08-15,-0.0004921099769652493,-0.0004833113603124328
2019-08-16,0.0004923522684288084,4.835450631346383e-05
2019-08-19,0.0,-0.0017890302259248037
2019-08-20,0.00039368798157224383,-0.0014047259770109122
2019-08-21,0.0006886828415935131,0.0006790975210373418
2019-08-22,-0.0006882088839437195,-0.0011149030852115605
2019-08-23,-0.0003935330523391345,0.0004367533623190756
2019-08-26,-0.0008857979585374931,-0.0016977438025935765
2019-08-27,0.0,-0.0017978099548795479
2019-08-28,-0.0001970185093794763,0.0016063400159913588
2019-08-29,-0.0002955859999823618,0.0025271429985160854
2019-08-30,0.0,-0.0003878111762422032
2019-09-03,-0.014379586590774873,-0.015588457264192557
2019-09-04,-0.0038498342856757573,-0.003596209247064719
2019-09-05,-0.00563813077945341,-0.00575162939260454
2019-09-06,0.002069502206798912,0.0018398971993012214
2019-09-09,-0.0046005896765271,-0.004334844747657773
2019-09-10,-0.0076918428247233495,-0.008474793483889353
2019-09-11,0.009111372177027288,0.0091840818819382
2019-09-12,0.006721292449685334,0.008220344072993324
2019-09-13,-0.001472493256907681,0.0017130209713251965
2019-09-16,0.0029996020413529667,0.002450035007185436
2019-09-17,0.0016707437639598144,0.001640300004335904
2019-09-18,0.0017179957461990192,0.0018832559003247873
2019-09-19,-0.0006660385626404697,0.001405700596734727
2019-09-20,0.0015495717326685643,0.0008324429789829946
2019-09-23,-0.0060556068403578855,-0.0064256810598436465
2019-09-24,-0.00018411402999241044,-0.0012639017381097517
2019-09-25,0.0050222163875652814,0.005127745151597196
2019-09-26,0.0016490495243512981,0.0031884909507347015
2019-09-27,0.0010975564246675784,0.0010757515285424457
2019-09-30,-0.0007475134876787637,-0.0007326787709710514
2019-10-01,0.0008059332052769985,0.002794106594570689
2019-10-02,0.005547890455770643,0.0009911456322999612
2019-10-03,0.006392777898996949,0.007726527475789391
2019-10-04,0.008781423488202877,0.0027222086777731747
2019-10-07,0.007256862965882904,0.005590276891834778
2019-10-08,0.008513035482920372,0.010894752901484228
2019-10-09,-0.007015625901426903,-0.004456318018128846
2019-10-10,-0.00853307514118673,-0.009412856557279636
2019-10-11,-0.005954602186369229,-0.007050610713089656
2019-10-14,-0.007365088367652373,-0.009472945708367875
2019-10-15,-0.008409033424262247,-0.00982421633293351
2019-10-16,-0.006069266468230805,-0.007782684858435918
2019-10-17,0.0057884637784497706,0.0052070428401689295
2019-10-18,0.005871583975979533,0.005510010757732164
2019-10-21,0.006383007231153703,0.00603764258085171
2019-10-22,0.0018403175143228978,0.0019732891168080524
2019-10-23,-0.00510078032814687,-0.00807292434770468
2019-10-24,-0.006033623778227026,-0.0037247344732650456
2019-10-25,0.006285859329849375,0.00815258455753276
2019-10-28,-0.00046148980290805497,-0.0004084170403685361
2019-10-29,-0.004551071187324118,-0.004903006956012423
2019-10-30,-0.0030644835292700234,-0.003958155786685014
2019-10-31,-0.0008474004121341583,-0.005853648092036257
2019-11-01,0.0014040563731094746,-0.0020639777055028175
2019-11-04,0.00612778743862985,0.004986163199062865
2019-11-05,-0.0046049867565232105,-0.004266825264085394
2019-11-06,0.0004642872451552371,0.0005148774470862261
2019-11-07,-0.002303784920494545,-0.0020750503416281374
2019-11-08,0.0009136744823521337,0.0006820317622953098
2019-11-11,-0.007983204604418703,-0.008611016107874736
2019-11-12,0.00011711464294461571,0.00013414378000908833
2019-11-13,0.0009535361337906778,0.0008382861741809133
2019-11-14,-0.0024902024131557843,-0.004221423556868276
2019-11-15,-0.011057963363581558,-0.01196093721758218
2019-11-18,-0.004303225354297502,-0.005703826440318416
2019-11-19,0.005870192838375754,0.006900980068544227
2019-11-20,0.008424044980791301,0.008622375310587183
2019-11-21,-0.0016606699857162344,-0.00256291352513216
2019-11-22,-0.002772387329954662,-0.004378290937700924
2019-11-25,-0.006318397340082882,-0.0072669850106628076
2019-11-26,-0.0008817221688310894,-0.0010432967754174793
2019-11-27,0.010708801582610672,0.00933099307043328
2019-11-28,0.004013131270557135,0.003748780646545713
2019-11-29,-0.006171240023914559,-0.00586411123262931
2019-12-02,-0.012069829324711123,-0.01643613810128164
2019-12-03,0.0046842596130070024,-0.003439358806396009
2019-12-04,0.008765348902594727,0.011706429416720399
2019-12-05,-0.004588293132473331,-0.003445579108786734
2019-12-06,-0.0015871340842302795,-0.004403572119029642
2019-12-09,-0.002147728186835063,-0.0031272341006781668
2019-12-10,-0.0015422356494474432,-0.0022011305820311966
2019-12-11,0.006823476497475278,0.005488910658891788
2019-12-12,0.0058162813766169386,0.004647014998078847
2019-12-13,0.003335498336323628,0.0012552526764832983
2019-12-16,0.006197768973889017,0.005444058091033321
2019-12-17,-0.002805852445354473,-0.004423900400140068
2019-12-18,-0.011038547513462893,-0.014085564984117727
2019-12-19,-0.0048485460703884264,-0.008457230326893717
2019-12-20,0.007815771114237702,0.007792259503637711
2019-12-23,0.0035586441922488277,-0.0027514809213594615
2019-12-24,8.363266864241936e-05,-0.0041735336526813605
2019-12-25,-0.0015387124163961374,-0.0007364981236062107
2019-12-26,0.0016080873401964624,-0.0008423325175828111
2019-12-27,0.004264624109356019,-0.0005093382615530828
2019-12-30,0.0011990158085639635,-0.0047445314203284905
2019-12-31,-0.002012599539616966,0.000335466062556522
2020-01-02,0.01329097425586001,0.015297237142428255
2020-01-03,-0.005115324098355467,-0.006588633184561488
2020-01-06,-0.017078131216685888,-0.018462030070925173
2020-01-07,0.001530602502910483,0.0070779973643120275
2020-01-08,-0.017213955194491426,-0.020907720217083425
2020-01-09,0.007296686659714169,0.005406352321295049
2020-01-10,0.0031723567689012633,-0.005593091449043741
2020-01-13,-0.009165668516842862,-0.005516037851918121
2020-01-14,0.011042517461278711,0.012348078703798837
2020-01-15,0.006718579595918817,0.010239402319616842
2020-01-16,0.00025152292206898075,-0.004463228996040014
2020-01-17,0.000989074718508176,0.0015539512684694667
2020-01-20,0.0012058137962045468,0.003816432340381537
2020-01-21,0.014686520139558956,0.01732184344001486
2020-01-22,0.014424492803808642,0.017114223506202064
2020-01-30,-0.02702495758829737,-0.024878820208831365
2020-01-31,-0.023716981554352312,-0.025372706014561208
2020-02-03,-0.02042618559793874,-0.028685177981187193
2020-02-04,-0.008173423874949681,0.0036455267771315913
2020-02-05,-0.002940619948500589,0.003836137924161598
2020-02-06,0.018190248373436635,0.02309502046649703
2020-02-07,0.006972660568666633,0.003139744578013026
2020-02-10,-0.0002755971829929704,0.005486349529867818
2020-02-11,0.023570054986655542,0.021968773996546842
2020-02-12,0.022438151489691194,0.01867816671545186
2020-02-13,0.0154262182264151,0.011324479360468986
2020-02-14,-0.007295986488119466,-0.003721229243764057
2020-02-17,0.0012412673209285519,0.005696497367188913
2020-02-18,0.0008156108463628353,0.0008309800101655718
2020-02-19,0.01831998984381289,0.005981477340233798
2020-02-20,0.024984896300668913,0.012397142305130782
2020-02-21,-0.02693681736511655,-0.01971565508723916
2020-02-24,-0.05851036481577088,-0.06030259505954083
2020-02-25,-0.009221421286783493,-0.005725481677200217
2020-02-26,-0.015517813487258558,-0.027175531776102546
2020-02-27,0.011079123045422579,0.0025021697576608215
2020-02-28,-0.032129974028706765,-0.030640267560724466
2020-03-02,0.008095875158582677,-0.0010173568975809788
2020-03-03,0.022195410294740814,0.026832302479973702
2020-03-04,0.02048309864554354,0.031020196424706548
2020-03-05,-0.004262320326797853,0.003942546027617455
2020-03-06,-0.007196807280864359,0.0015744447730361433
2020-03-09,-0.055947671418908884,-0.07554489317532653
2020-03-10,0.004439744885168073,0.005902636797470162
2020-03-11,-0.026828683289498723,-0.02811588138888521
2020-03-12,-0.036242734004782395,-0.03264787136945124
2020-03-13,0.011511544443587152,0.008184257408796913
2020-03-16,0.017490892263209545,0.01080325924056158
2020-03-17,0.030720949894467164,0.026932435224775952
2020-03-18,0.03392014593800452,0.013330285492168192
2020-03-19,-0.028757030914612014,-0.035683956357464686
2020-03-20,-0.03363364110125866,-0.0392679350073708
2020-03-23,-0.06765717984451092,-0.0745936242252716
2020-03-24,-0.016260125706324402,-0.028028094068092813
2020-03-25,-0.0035594386436768044,-0.016862114824590324
2020-03-26,-0.034346050653466964,-0.037656786888751737
2020-03-27,-0.026255863246697486,-0.02078874890438409
2020-03-30,-0.06272636407414744,-0.05606663888851182
2020-03-31,-0.03650203555250564,-0.020057457975239057
2020-04-01,0.05577439105646276,0.07697343390717659
2020-04-03,0.05917233013811085,0.05344235711164469
2020-04-06,0.031651960298352266,0.03502350638291096
2020-04-07,-0.018064818132723315,-0.025425257336631035
2020-04-08,0.03077575865396298,0.03827435847138383
2020-04-09,0.02242372544657778,0.019522690997270775
2020-04-10,-0.009335752235705486,-0.010317853010681888
2020-04-13,0.007870143144080854,0.01140422687094711
2020-04-14,-0.018193228119641747,-0.01352626308660354
2020-04-15,0.023508967782001067,0.02733220370576639
2020-04-16,-0.0003431220025522652,0.0011103935566230128
2020-04-17,0.007813752540285046,0.009494426294910596
2020-04-20,0.003726330334231198,0.004900336415598394
2020-04-21,-0.04590721288657662,-0.043516215398469504
2020-04-22,0.01510426774992113,0.02096475373445883
2020-04-23,0.006100192436807372,0.009001932109590882
2020-04-24,0.018435422782584032,0.02075053475279698
2020-04-27,-0.004907574739234533,8.6967714604258e-05
2020-04-28,-0.013885784236470244,-0.008369914618305718
2020-04-29,0.00659997556614389,0.011378315233237846
2020-05-04,-0.027725932429185307,-0.03918415865277436
2020-05-05,0.004021074011818726,0.0031810897611233013
2020-05-06,0.02294513909021867,0.022894188388631997
2020-05-07,0.020452509335364466,0.0002418463003612814
2020-05-08,0.014067778696757793,0.006176579889867639
2020-05-11,0.02924285602131005,0.020993793764741087
2020-05-12,0.011142714637109474,0.01140437910488945
2020-05-13,0.008558428002689578,0.011318096410056322
2020-05-14,-0.005012631341221652,0.0032005399997903083
2020-05-15,-0.01647218381965354,-0.02387533961375976
2020-05-18,0.02006697796388135,-0.0006835790824317733
2020-05-19,0.002012358619580601,-0.003740880294568094
2020-05-20,-0.004523405951575521,0.006007883243346113
2020-05-21,-0.009106774862062905,-0.011112193417169514
2020-05-22,0.0021691793507052637,-0.004248946600479031
2020-05-25,0.012910958363785863,0.013472700549146621
2020-05-26,0.021256480210995576,0.014169866087675453
2020-05-27,-0.020869110452277906,-0.01253887234689366
2020-05-28,0.005173825811475075,0.0016646238386890388
2020-05-29,-0.0064899416736787785,0.0025780096667469277
2020-06-01,0.01935493031999247,0.01889052068936814
2020-06-02,-0.020311376950645443,-0.0026905631205577096
2020-06-03,0.021202393413516152,0.02206358122685903
2020-06-04,0.007012759427190485,0.009064614913141034
2020-06-05,0.023670027367793445,0.016202179342646783
2020-06-08,0.027961519080411,0.023367025305643496
2020-06-09,0.007746883150284267,-0.003763331049907448
2020-06-10,0.006997883636966629,0.0031316453559524504
2020-06-11,-0.054087786400094706,-0.04764752210390455
2020-06-12,0.01952462659405918,0.008174662665525911
2020-06-15,-0.031787703783702215,-0.028816245584030176
2020-06-16,0.016516490376277115,0.020066811170835752
2020-06-17,-0.008241281512542553,-0.007979592996859686
2020-06-18,0.003636658477941479,0.0028328990590495984
2020-06-19,0.03239392116475881,0.0296923418556998
2020-06-22,0.010546905135945916,0.005246573586682901
2020-06-23,-0.012294966481409486,-0.011593774802198142
2020-06-24,-0.02095767396365744,-0.009714343183265362
2020-06-25,0.00592624083397264,0.0032359592144759475
2020-06-26,-0.00881913860607364,-0.004462985803892705
2020-06-29,-0.04081372342513667,-0.0332964141672063
2020-06-30,-0.015172415095642489,-0.007651713636549151
2020-07-01,0.041914764519067615,0.026076360211898075
2020-07-02,-0.0022508993182626114,-0.0008073705134945541
2020-07-03,-0.009830925452576023,-0.00563544167586294
2020-07-06,0.0166895661055384,0.013209995713681089
2020-07-07,-0.008763487365625933,-0.005367282575500121
2020-07-08,7.35215388869559e-05,0.002191578734242139
2020-07-09,0.02736638083222198,0.01439978095854677
2020-07-10,-0.010948351719115568,-0.004433511202024509
2020-07-13,-0.006167834709064457,-0.003248016084142491
2020-07-14,0.0026207632559975824,-0.0025822868475918748
2020-07-15,0.0005627173409021857,0.0004109479867864252
2020-07-16,0.0011066597728728311,0.0040872528202064995
2020-07-17,0.006777593854678132,0.008223051784398638
2020-07-20,-0.015245925976680508,-0.018706014659875647
2020-07-21,0.0041857963275750976,-0.00303926484843009
2020-07-22,-0.005879373605956695,0.005433434669368742
2020-07-23,-0.00684795745457889,-0.0007631704728903177
2020-07-24,-0.05116072598412602,-0.041304606679280154
2020-07-27,-0.068297748650606,-0.05781160835002519
2020-07-28,0.05090631881834429,0.04456230266542338
2020-07-29,-0.044789010654978756,-0.025859262856023246
2020-07-30,0.005401494622946812,0.005277701472326646
2020-07-31,-0.028722079097640685,-0.012823388558285131
2020-08-03,0.0494970564025381,0.024987682488959218
2020-08-04,0.034541876156533036,0.01501365107683772
2020-08-05,0.011658568354797172,0.013769216626611236
2020-08-06,0.0030795794842017887,0.00034330996189546603
2020-08-07,0.006178867503661367,0.0005576872284986933
2020-08-10,0.02277898829584646,0.010890277096063716
2020-08-11,-0.003640018953468993,0.006595254934581352
2020-08-12,-0.0030695396226908533,-0.002991607849518463
2020-08-13,0.008368054497249311,0.0063815246145837445
2020-08-14,-0.01719667074970377,-0.00543819297534176
2020-08-17,0.006099371054347769,0.0017311588701303116
2020-08-18,-0.004073171144958976,-0.006912668553039736
2020-08-19,0.012060242062080118,0.010377513513876169
2020-08-20,-0.0078002495872639965,0.0017223231088221436
2020-08-21,0.007255378320599082,0.007988742078824718
2020-08-24,0.02215475666989697,0.007696609751871586
2020-08-25,0.003771888976727311,0.004974907243103566
2020-08-26,-0.00417931261726634,-0.0010270290578802133
2020-08-27,0.001454172603153836,-0.002940322902598047
2020-08-28,0.0026284143161017237,0.004557536022470554
2020-08-31,-0.007736245252678797,-0.0061996898430902725
2020-09-01,0.014617991462825275,0.0056937139087658295
2020-09-03,0.002676735298758448,-0.0018280503923552294
2020-09-04,-0.0015073192495551613,-0.0007819453333328674
2020-09-07,-0.0006911397379069095,0.001606301724346837
2020-09-08,0.004113305520661692,0.0013158774622019642
2020-09-09,0.011673085719263065,0.00661180815237139
2020-09-10,-0.005500447027456334,0.002345849745943873
2020-09-11,0.008179200825902955,0.01276004763425398
2020-09-14,0.02162233818219006,0.010107556538931028
2020-09-15,0.0038306371813776607,0.00031829554265527804
2020-09-16,0.003397825489229289,-0.0034404754669539184
2020-09-17,0.0006598981330505627,0.005128640308020627
2020-09-18,0.016018008083359847,0.007425386637882614
2020-09-21,-0.004406817931252416,-0.0009459666304670877
2020-09-22,0.0013381909570744366,-0.005207742818495231
2020-09-23,0.008121215770870327,0.010113078575325618
2020-09-24,0.007087058344377839,-0.004063624375026942
2020-09-25,-0.0019913378352558464,-0.005381139656759459
2020-09-28,0.01373044638303611,0.004181550840837378
2020-09-29,-0.027155670949022825,-0.01778146253406032
2020-09-30,0.009035941293022764,0.008499138943003581
2020-10-01,0.004867588400367495,0.005440889001697036
2020-10-02,-0.0004734840376966476,0.0026750768033958483
2020-10-05,0.01226566214273972,0.019288217057335855
2020-10-06,0.0168301488428797,0.016014939800781613
2020-10-07,-0.005243252285480171,0.007251515269729225
2020-10-08,-0.013102867982261568,-0.013356613432581654
2020-10-09,-0.001707738867331221,-0.0033987584237888946
2020-10-12,-0.0019286855515054935,-0.011830251512783163
2020-10-13,0.005477969539753325,0.014838114194934082
2020-10-14,-0.00842286790896618,0.0034391436294329836
2020-10-15,0.012691060874312488,0.012120204682157354
2020-10-16,-0.0028958444022889607,-0.004729488329361042
2020-10-19,-0.0013185983855285022,0.0015776516102261606
2020-10-20,0.006718689011755208,-0.0026569074273055104
2020-10-21,-0.005827167094201169,-0.007173732085589468
2020-10-22,0.002655128767812931,0.0006324766312302277
2020-10-23,0.005912419454161766,0.012200998732021517
2020-10-26,-0.015613073594516691,-0.024637700547475494
2020-10-27,-0.013169601654978602,-0.015268555627347746
2020-10-28,-0.004431407677581101,-0.014815736925988254
2020-10-29,-0.0015578963610486385,0.0026197463683581557
2020-10-30,0.00018861097890199297,0.0030517090699777594
2020-11-02,0.015457688660537539,0.020099847600748122
2020-11-03,0.005486734022843054,0.0005458128098672077
2020-11-04,0.017512111351529303,0.01796303164356683
2020-11-05,-0.007953561665047126,-0.009990499685031295
2020-11-06,0.010545613978710122,0.00827410664603545
2020-11-09,0.004306585194279844,-0.004064757040030398
2020-11-10,-0.011898631125209391,-0.015131785491339644
2020-11-11,-0.0007961595643588559,-0.002169763941381131
2020-11-12,0.002689179545726672,-0.007228683585362217
2020-11-13,0.015528921509142979,0.01880513817371887
2020-11-16,-0.015796829736136386,-0.01502983534578084
2020-11-17,0.009855493282057592,0.0034215167799251933
2020-11-18,0.00031164184672882733,0.001959683862760242
2020-11-19,0.004558391698108899,-0.001564680810473451
2020-11-20,0.004880483483937104,0.008658409124472355
2020-11-23,0.0019329659727276294,0.004855251475100353
2020-11-24,-0.0009403003005753474,-0.008136737576945996
2020-11-25,0.0006328659758334521,0.000896343019423318
2020-11-26,0.006811169182513899,0.01045445968391645
2020-11-27,0.0019328831437588345,-0.004951578685192248
2020-11-30,-0.007652312111818604,-0.004840679790131586
2020-12-01,0.004494429713236547,-0.0011542792286403092
2020-12-02,-0.003628748301698681,-0.0010908457534809513
2020-12-03,0.010974451738894997,0.016478058264372875
2020-12-04,0.0077652366747889,0.0032805557848480937
2020-12-07,0.001493418197397789,0.0014532573016181605
2020-12-08,-0.002379560465882058,0.0013938662355330589
2020-12-09,0.003387035517366188,0.0025550423875000394
2020-12-10,-0.011172767953340879,-0.011011935250327398
2020-12-11,0.005112601308218778,-0.0010769165764009658
2020-12-14,0.016981894311238976,0.013976505717599341
2020-12-15,0.003057439810501883,0.004556646473143022
2020-12-16,0.008394054546225771,0.009903551151602352
2020-12-17,-0.007564618785409594,-0.004416637603155693
2020-12-18,0.004576490934137922,-0.002011341942769307
2020-12-21,0.01993287763095708,0.017705344457087602
2020-12-22,0.029802805302727053,0.022820100259664633
2020-12-23,0.015321336927087037,0.00911980923269251
2020-12-24,-0.02010560132008521,-0.011745020682523921
2020-12-25,0.008897637522708335,0.01026975081173176
2020-12-28,0.013007535064303077,0.01875023104936857
2020-12-29,0.005430284408934227,0.0064876322414968435
2020-12-30,0.004083296254008051,0.0013312007524313163
2020-12-31,0.005580884115594875,0.0012944459862120894
2021-01-04,0.012945250280372411,0.012281567238901836
2021-01-05,0.004303904657272595,-0.00424545443938007
2021-01-06,-0.003524227338905117,0.00013865220060482741
2021-01-07,0.026581772889946453,0.02257984642811306
2021-01-08,0.011906314676329632,0.00901552394649463
2021-01-11,0.01098997849639094,0.019196750541891294
2021-01-12,0.007907051338008175,0.009343433942311519
2021-01-13,-0.0002138336043415734,0.0016815962226981451
2021-01-14,0.022176613955456004,0.019265144923796385
2021-01-15,0.01497367478703615,0.021379573531811635
2021-01-18,0.005475919583262545,0.009503184336544512
2021-01-19,-0.05706228423621085,-0.05060458213191854
2021-01-20,-0.005585412754451902,-0.007105831335963431
2021-01-21,0.02611599947294474,0.027030883531392158
2021-01-22,-0.0047546408893909264,-0.0018742392832322707
2021-01-25,0.007989023061671707,0.002230841475765022
2021-01-26,-0.03607058446577582,-0.02792753646552637
2021-01-27,-0.05838237041567018,-0.030739666083956618
2021-01-28,-0.06233861824836495,-0.05775245371136484
2021-01-29,-0.0028546231700598,0.006619849488185281
2021-02-01,-0.06042490519560684,-0.05782732087233955
2021-02-02,0.030718788991501045,0.024534418258718382
2021-02-03,0.05010825984512213,0.050715439893099123
2021-02-04,0.004399461140183636,0.009240087344923431
2021-02-05,0.020859509374383745,0.023387637473412548
2021-02-08,-0.041451656262946224,-0.03130335010527485
2021-02-09,0.034964727740038226,0.028412403591485225
2021-02-17,0.05599833897356432,0.04897045578714576
2021-02-18,0.001976229074527991,0.01753116750671313
2021-02-19,-0.010533392501507866,-0.006273909572223624
2021-02-22,0.015888844784039957,0.0075762240311385565
2021-02-23,0.001023731206890366,0.015167047217761187
2021-02-24,-0.01774073100179019,-0.018422328105059615
2021-02-25,0.002226915087337522,0.001854234691067047
2021-02-26,0.007675885846619934,0.0006276635813835529
2021-03-01,0.030050450264152317,0.03167865720515328
2021-03-02,-0.0065472423991622675,-0.006485428901610191
2021-03-03,0.006506437259280906,0.006684681662473935
2021-03-04,0.001960165988053264,0.0022290186815108193
2021-03-05,0.0037877903004288616,0.00043548051615971417
2021-03-08,0.012108364272017003,0.011535210318890599
2021-03-09,-0.008836059638739124,-0.001613726409333105
2021-03-10,0.010154916392388413,0.009205411136785635
2021-03-11,0.01883712245244462,0.012339880589440355
2021-03-12,-0.0009103848764714373,-0.0015971362054412186
2021-03-15,0.0004154065794352846,0.004497244875081519
2021-03-16,8.036788808962747e-05,-0.0004356919335885001
2021-03-17,0.010607708708682884,0.007440052161273858
2021-03-18,0.008561430098197986,0.0035209801082964898
2021-03-19,0.0011432223178642342,-0.00020813884859394172
2021-03-22,-0.004200153942189644,-0.005159944017814055
2021-03-23,-0.007302186821179335,-8.968369688078237e-05
2021-03-24,-0.018734975250895847,-0.018446601351225222
2021-03-25,-0.009769604619789596,-0.0081782721243292
2021-03-26,0.006586437509068066,0.002149718970729797
2021-03-29,0.018068850241565793,0.020271266746711314
2021-03-30,0.01922828602401161,0.013921470850950524
2021-03-31,0.021783019652658497,0.01952164804880341
2021-04-01,0.007771039661646384,0.009904119518335586
2021-04-02,0.006797309930050455,0.001496090317304466
2021-04-05,-0.007962887924635953,-0.01376070624042014
2021-04-06,0.011715827125140077,0.007296769692182181
2021-04-07,0.004237255785504379,0.0007084864551056835
2021-04-08,0.009753397159404154,0.00041901144623035513
2021-04-09,0.008518436013223774,-0.00036106547342551476
2021-04-12,0.02792135053936562,0.005923612576158144
2021-04-13,-0.01796508733315061,-0.021960654151293002
2021-04-14,0.023591855147064633,0.014494345630257532
2021-04-15,0.010197329971892932,0.0035175323753084964
2021-04-16,-0.0038987683180140564,-0.010255963488587594
2021-04-19,-0.010086604413075517,-0.003089725040511304
2021-04-20,0.005745711723204039,-0.001447315102934943
2021-04-22,-0.0441353192110725,-0.03794826397241946
2021-04-23,0.0034418657052726065,0.009587360052246474
2021-04-26,-0.03174972412608157,-0.027735270540473533
2021-04-27,-0.02276430040780275,-0.01001526788673579
2021-04-28,0.007472588894862353,0.009364891269825426
2021-04-29,0.004728279347162134,0.002187622963266689
2021-05-04,-0.029811156765149116,-0.019918484308452555
2021-05-05,0.023307014711915874,0.043059400492299504
2021-05-06,0.004167166642147002,-0.001378080153596306
2021-05-07,-0.024938145631559383,-0.017803282705753487
2021-05-10,-0.007727318948031914,0.0029180673894098064
2021-05-11,0.016968965899518018,0.009467671345074091
2021-05-12,0.028415985839382873,0.02316505932458135
2021-05-13,-0.0023709198942148957,0.007556799534432779
2021-05-14,0.00810597783085587,0.028757866580892744
2021-05-17,-0.005632382387020796,0.002458914031302717
2021-05-18,-0.01864600872059763,-0.00952464356115268
2021-05-19,0.0033952405140307285,0.0022737181609162604
2021-05-20,-0.010880063681338648,-0.01715147026959052
2021-05-21,0.01142078430962501,0.01781831627529873
2021-05-24,0.010485264062507271,0.007684319502093473
2021-05-25,-0.005123861923542972,0.005088592037560069
2021-05-26,-0.004774981546602941,-0.003964694544491776
2021-05-27,-0.0016903140396437033,-0.008548000437541337
2021-05-28,0.02464222358114787,0.03954139212865426
2021-05-31,0.007690275312642658,0.03017425428428222
2021-06-01,-0.006177731192509084,-0.0030528431908557474
2021-06-02,0.024890195947245175,0.021642821447325433
2021-06-03,0.03501057082384218,0.021316734796334114
2021-06-04,0.017649020930600168,0.013780583994412288
2021-06-07,-0.034356648392876,-0.025281163537069884
2021-06-08,-0.05554808673094758,-0.043162533429979666
2021-06-09,0.020963052139049365,0.03359223823449242
2021-06-10,-0.017855555135972367,-0.026676920131168513
2021-06-11,0.027861692478200695,0.020934269555215712
2021-06-14,0.014672763402783673,0.010719742656238207
2021-06-15,0.006780326214851806,0.0006471934977789751
2021-06-16,0.0028408033029765356,-0.001425544697967629
2021-06-17,0.025665746175804083,0.019087270348389085
2021-06-18,0.004321375013933704,-0.004059846302373438
2021-06-21,-0.004290927691855906,-0.0076057992724942736
2021-06-22,0.00041665654258538076,0.002716552735308131
2021-06-23,-0.012803877746906278,-0.0073684816333753345
2021-06-24,-0.007762679828237418,-0.003454481258516773
2021-06-25,0.012694819766210674,0.011590135549017555
2021-06-28,0.007869289086784859,0.010751068793844132
2021-06-29,-0.0050108285633252425,-0.0037526115587884767
2021-06-30,-0.01483306088603209,-0.006728188925920864
2021-07-01,0.010138794145084784,0.006162789150766734
2021-07-02,0.0028488301750342337,0.008655781502827198
2021-07-05,-0.020328652424753457,-0.00976693459197786
2021-07-06,-0.061113594558554696,-0.04748161836501774
2021-07-07,0.013552600129742798,0.010532528969403154
2021-07-08,-0.012818527857459072,-0.01412681561479412
2021-07-09,-0.046222347347941284,-0.037310878433894024
2021-07-12,-0.05673745915049433,-0.03931243548040264
2021-07-13,0.04506562387594015,0.02954921837583946
2021-07-14,0.003379967551377483,-0.00017281157632986766
2021-07-15,0.02392521456152097,0.021950863557226752
2021-07-16,-0.011042640723654906,-0.0028610975548247763
2021-07-19,-0.07499859353765481,-0.06374667102222475
2021-07-20,0.051778233636579074,0.03654957931805858
2021-07-21,-0.009501115464220833,-0.005432582687474818
2021-07-22,0.03002176982228355,0.02470463084465302
2021-07-23,-0.025905155047723727,-0.02095070093900797
2021-07-26,0.006373554405847415,0.007210858532350484
2021-07-27,0.024534103487242165,0.023187803422075826
2021-07-28,0.004567768595451049,0.004461643095679202
2021-07-29,0.018650863982897725,0.022646258292840393
2021-07-30,0.007497489929567225,0.01021747749323021
2021-08-02,0.004491435331964055,0.006835078849001697
2021-08-03,0.015411101292078122,0.013909119116849
2021-08-04,0.00997507743376036,0.004278615053633805
2021-08-05,0.023139732374466204,0.012940923993207232
2021-08-06,-0.0026052274760639538,-0.004705414979074396
2021-08-09,0.015735287058477043,0.01828997181241121
2021-08-10,0.008012856977275051,0.02221514533970459
2021-08-11,0.00022183706464806718,-0.0005962760181077442
2021-08-12,0.003795036781935046,0.0010282377404573495
2021-08-13,0.015454179742999896,0.008217452428940009
2021-08-16,0.031223695546246377,0.027847460615999964
2021-08-17,0.0034931986029225204,-0.004515498275608376
2021-08-18,0.0018923767122904778,0.0027289638706360364
2021-08-19,0.007695120834458669,0.00012259175201689843
2021-08-20,-0.038725591940530824,-0.043245068622870586
2021-08-23,0.0030451977023489007,-0.00424067801321093
2021-08-24,-0.011171825672592228,-3.859883338008796e-05
2021-08-25,0.005897798170738433,0.016019134172607696
2021-08-26,-0.01786713168087073,-0.007838960023390129
2021-08-27,0.001695151899204328,0.008168938103572554
2021-08-30,0.02545782586269074,0.0134454962390671
2021-08-31,-0.00041854697057885915,0.0038102349921307344
2021-09-01,0.005384894298688936,-0.0012442328563596616
2021-09-06,0.009055454864267842,0.011862547121890943
2021-09-07,0.00025943780409920514,0.00674838792062693
2021-09-08,0.004597931831693325,0.0028378309632257626
2021-09-09,0.004295232992013842,0.000597673374672647
2021-09-10,-0.004977987930090411,-0.00013409143102804943
2021-09-13,-0.02918353822657649,-0.017958469704564273
2021-09-14,-0.016935672842598448,-0.013867235731271355
2021-09-15,0.01758428490494479,0.0030843767518942133
2021-09-16,-0.0036882634168124984,-0.0003263151356684979
2021-09-17,0.010207581144961342,0.014914958560347857
2021-09-20,-0.007737525427185199,-0.004156379884342143
2021-09-21,-0.0014530176856087929,-0.0004844505112209241
2021-09-22,0.01225948725304904,0.014590270832712138
2021-09-23,-0.015045926446655145,-0.012102121474230954
2021-09-24,-0.012186557328279224,-0.006087991011458516
2021-09-27,-0.04070438820396394,-0.034131915789095246
2021-09-28,0.023641528431249226,0.01208934038093945
2021-09-29,-0.007660890205514526,-0.012289499411964
2021-09-30,0.0004043224891436825,0.0037856970398266743
2021-10-01,-0.00016049853946387138,0.007707792625430532
2021-10-04,0.00646758329429753,-0.002720709784428399
2021-10-05,0.009827296064913726,0.00967014010133238
2021-10-06,0.008637935901316451,0.004655564695670522
2021-10-07,-0.0048796094077503405,-0.0032829362980387744
2021-10-08,0.007033355745028613,0.005105311674970636
2021-10-11,0.013685654039593986,0.011898100708812587
2021-10-12,0.008248519498042617,0.009404069220345201
2021-10-13,0.0013234032133566664,-7.403806583383687e-05
2021-10-14,0.007857834566804334,0.007959681396554563
2021-10-15,-0.0010967652559409347,-0.005913436533168781
2021-10-18,0.00601496318735939,0.008362543307034898
2021-10-19,-0.0036656962594316944,-0.0004152702483917192
2021-10-20,0.0004643629063065813,-0.005608477387085142
2021-10-21,0.0026539708791484262,-0.0028753501019919137
2021-10-22,0.0002255245438174125,-0.0019470742299777521
2021-10-25,-0.012958803884755343,-0.004420331868268845
2021-10-26,0.00999097848263375,0.006969989863755188
2021-10-27,0.02280788476334461,0.018782316169503765
2021-10-28,0.0012685919053536665,0.001898005898121502
2021-10-29,-0.0019062887844328857,-0.0010135698400082216
2021-11-01,0.015845787319445304,0.004778993257830377
2021-11-02,0.04007902662240914,0.02879053764006745
2021-11-03,-0.03776302371687257,-0.0227968355071978
2021-11-04,0.0363125395898658,0.016955424303374045
2021-11-05,0.017210568664334458,0.01823653448190732
2021-11-08,0.017451842501454706,0.014411076518287214
2021-11-09,0.009622915503695761,0.0023108081682803316
2021-11-10,0.02059627271551001,0.020045188857275686
2021-11-11,0.003534460099176684,-0.0024271830155055962
2021-11-12,0.014428886598475632,0.006328262464895706
2021-11-15,0.011199728419004407,-0.0069760952205092375
2021-11-16,-0.015566370096792292,-0.008287164438722017
2021-11-17,0.004162802722248227,0.0031083162506557738
2021-11-18,0.024313064932190764,0.0006736270780620668
2021-11-19,-0.019907588357963135,-0.019095691406219917
2021-11-22,-0.035043694479405474,-0.027279573314790362
2021-11-23,0.011986289287204466,0.0007055249947773845
2021-11-24,0.0069611353464151815,0.00961187601002722
2021-11-25,0.02528924579995917,0.011010107063827546
2021-11-26,-0.010747746560891613,-0.014562483087442901
2021-11-29,0.0028687204168591496,-0.009380616066146374
2021-11-30,0.0033676978051910833,0.000849066078919325
2021-12-01,0.0011674902301890278,-0.005446805692810641
2021-12-02,-0.004150209287031137,0.0015401241884269723
2021-12-03,-0.04258764546539884,-0.02595258724961591
2021-12-06,-0.019466183782394397,-0.015216508411111329
2021-12-07,0.039230024202400626,0.027031100644019368
2021-12-08,0.013376410797757865,0.014060361268824595
2021-12-09,0.021825383513649044,0.010822359926311975
2021-12-10,0.0012546528754586728,-0.00586865613466192
2021-12-13,0.031196696961869108,0.024013825495972085
2021-12-14,0.003839941502159272,-0.002347369827208401
2021-12-15,-0.017479952464310666,-0.001499392557953061
2021-12-16,0.026582912814829385,0.01741907169872725
2021-12-17,0.010474959192793953,0.013612659267888017
2021-12-20,-0.010907969667555806,-0.016263663549842988
2021-12-21,0.006013670992950804,0.00884696013894315
2021-12-22,3.8196312676985755e-05,-0.0011286200518759726
2021-12-23,-0.021904748639589133,-0.029953523722728526
2021-12-24,0.0009664934264841385,0.010424822884923302
2021-12-27,0.022500479039953447,0.00856506092832987
2021-12-28,0.007821580188617006,0.011989835152152128
2021-12-29,-0.016326236961796248,-0.010944233506766099
2021-12-30,0.005628617990294904,0.0039054123946340447
2021-12-31,0.004506394327694174,0.0024342309047213906
2022-01-04,0.0164476999377956,0.01137428047997413
2022-01-05,0.018329026190059272,0.0064625317282629435
2022-01-06,0.0036715996014902164,-0.0009809915472630548
2022-01-07,0.028531878855783344,0.023979783454286308
2022-01-10,-0.025476235248183543,-0.014144648238893942
2022-01-11,-0.005241254083039992,-0.01276692317196948
2022-01-12,-0.018197369761663418,-0.021027137315866473
2022-01-13,-0.03456867070218894,-0.02566473369469835
2022-01-14,-0.0032207375008717065,0.0021833252211604925
2022-01-17,-0.0528077959515606,-0.0426460678840046
2022-01-18,-0.03603428450929702,-0.025435499980514975
2022-01-19,-0.00956116894822956,0.008888090330818166
2022-01-20,0.025516578773535636,0.0142101384938631
2022-01-21,0.005467463947883111,-0.00261326747088364
2022-01-24,-0.04636163432348106,-0.03712443969215662
2022-01-25,0.015037761786719228,0.0038325847164488724
2022-01-26,0.0016820498677652118,-0.006325073965107952
2022-01-27,-0.013552209530291903,-0.004239287615475207
2022-01-28,0.006132627536607149,0.012103180907715894
2022-02-07,0.009975334455096574,0.00969240651828529
2022-02-08,-0.003618879926902352,-0.0009062093063733068
2022-02-09,0.024432634778349005,0.013529883059345105
2022-02-10,0.022703186579553947,0.013448704906499076
2022-02-11,-0.005225760250084144,0.002931226190870273
2022-02-14,-0.01593543330784486,-0.008755748947244069
2022-02-15,0.012231807122185856,0.008031202664464221
2022-02-16,0.027593871697702888,0.018969562703340603
2022-02-17,0.000788008244208882,0.0001321165106236144
2022-02-18,0.0194323265267744,0.013594193984876268
2022-02-21,0.022824779684994523,0.012558818588105147
2022-02-22,-0.028482433487057812,-0.019084317031317855
2022-02-23,0.014917826990600735,0.0069543979419894875
2022-02-24,-0.021375255465106213,-0.014405049507824175
2022-02-25,0.008688695634919252,0.010625147690446868
2022-02-28,0.00916092164604132,-0.0002259676196257887
2022-03-01,0.02183847552128948,0.016248336507344696
2022-03-02,0.008372527595331247,0.008018284861165847
2022-03-03,0.0079777772848173,0.007269370978556955
2022-03-04,0.0028280114533576484,-0.0014641332128916273
2022-03-07,0.018301846700777835,0.010714235268994843
2022-03-08,-0.035220954568434326,-0.03135647023410215
2022-03-09,0.012329458967880402,0.008255034222632629
2022-03-10,0.0018078640795562428,0.00042106868079394566
2022-03-11,-0.015443590578694488,-0.016321235371962173
2022-03-14,-0.028988891644600945,-0.028679503954845642
2022-03-15,0.011335706186128336,0.014145216359515933
2022-03-16,0.013723472037980411,0.008301184229288161
2022-03-17,-0.007519861026304087,-0.0015556241947115579
2022-03-18,0.015280607148034475,0.010594725936041272
2022-03-21,0.02848559084652935,0.02153655718742198
2022-03-22,0.018439488797865167,0.0033086542119582507
2022-03-23,-0.0002387152058989095,-0.002348918783928289
2022-03-24,0.00719071677262062,0.004755291475294854
2022-03-25,0.0030089338958785294,0.0002770411141348461
2022-03-28,-0.020053926256415,-0.011713285390314687
2022-03-29,0.011206207570731319,0.015600416147688811
2022-03-30,-0.048639793749234994,-0.028433542518849553
2022-03-31,-0.02731829522923157,-0.01005896433172071
2022-04-01,0.009322734212189099,0.00834767937284342
2022-04-04,-0.01708070526598504,-0.005809125941742099
2022-04-05,-0.002088500783753666,0.0012759354898856934
2022-04-06,-0.025955615171860957,-0.01691139780751949
2022-04-07,-0.012213328063623297,-0.006868810881208831
2022-04-08,-0.026248198547190293,-0.013356909959587271
2022-04-12,-0.050448486873182485,-0.03859799088784266
2022-04-13,0.03440987180757338,0.021964162164803902
2022-04-14,-0.006006673654194827,-0.001962979242196239
2022-04-15,-0.01908134034677822,-0.017285498645873143
2022-04-18,-0.01376073309832404,-0.014228156682613458
2022-04-19,-0.02271138280204199,-0.008173354342109418
2022-04-20,-0.05053102483868066,-0.0397338623566561
2022-04-21,-0.03659810355245341,-0.03522866702901806
2022-04-22,-0.026962781527702484,-0.017067737476803346
2022-04-25,-0.05523770506899606,-0.04549250999726984
2022-04-26,0.04833260477547641,0.037591125051339436
2022-04-27,0.019637001985467695,0.012512905926765017
2022-04-28,-0.00023187872788876795,-0.0043110237491342795
2022-04-29,0.027316495398880702,0.020710346395187873
2022-05-04,-0.017260763869406004,-0.013212789679621584
2022-05-05,-0.007479011105414712,-0.005616884580426307
2022-05-06,-0.03869270125878321,-0.029640804236309215
2022-05-09,-0.06130480001389793,-0.04616830044640563
2022-05-10,0.013266907668423755,0.019305146381629168
2022-05-11,0.027241171925668217,0.01594585077659505
2022-05-12,-0.060608463016480374,-0.04570357994878693
2022-05-13,-0.04026780811438635,-0.02500174193325433
2022-05-16,-0.00411525104608923,0.014687686181425352
2022-05-17,0.06048952330037105,0.04618012556707485
2022-05-18,0.02221468006025895,0.01219223043291584
2022-05-19,0.01576794433457107,0.017774816393448134
2022-05-20,0.02225311637067584,0.015454950938793566
2022-05-23,-0.01354616992291946,0.0018770031226933437
2022-05-24,0.02573412121433738,0.009440048671650603
2022-05-25,0.043242169562172306,0.033651975776908705
2022-05-26,-0.017542372714076437,-0.01290285274464531
2022-05-27,0.004859022730438367,0.0031867980964792597
2022-05-30,0.017769261101857836,0.014674550271677855
2022-05-31,0.019157674203615915,0.01728829320166292
2022-06-01,-0.005935334300794626,-0.0060320427654755315
2022-06-02,-0.008534619761526918,-0.004438805477960828
2022-06-03,0.0005594620477051837,-0.0028623087484679344
2022-06-06,-0.012885848047361148,-0.0003312144320203325
2022-06-07,-0.005561493311635468,-0.0007730897331911235
2022-06-08,0.021736040562347902,0.006949374915312001
2022-06-09,0.012062240275722003,0.007724644745035869
2022-06-10,-0.03907307344821076,-0.024766289198692504
2022-06-13,-0.06036090493963675,-0.03339494335106963
2022-06-14,0.014045648940392619,0.013027977821574943
2022-06-15,-0.03252889421331062,-0.019105298677817406
2022-06-16,0.020832161716192843,0.01074165211592848
2022-06-17,-0.029156868447697604,-0.012468252218601816
2022-06-20,-0.0530061192356438,-0.03481889554051909
2022-06-21,-0.03343022116772154,-0.019236975360720443
2022-06-22,-0.0017916406337603608,-0.006999611182461618
2022-06-23,0.05078663158633523,0.02921828961202544
2022-06-24,-0.0059115367505420124,-0.0007977769340731244
2022-06-27,0.026879640217735146,0.016103857522385745
2022-06-28,0.03468797886291508,0.017019860738872294
2022-06-29,-0.01026564405026742,-0.005583203455227448
2022-06-30,-0.03752434296834739,-0.019834169732193874
2022-07-01,0.011492341875370515,0.0019030615468746959
2022-07-04,0.01967352740227213,0.007448889165710959
2022-07-05,-0.014427521497483053,-0.006890026579021935
2022-07-06,-0.047575846413714706,-0.029422360445121365
2022-07-07,-4.5743931164410334e-05,-0.0018293098829830212
2022-07-08,0.03781671298103784,0.01860383334126392
2022-07-11,-0.005113175275212156,-0.0033413538772306683
2022-07-12,0.03768933083947679,0.02193572809108213
2022-07-13,-0.005023947710825594,-0.00798624177621643
2022-07-14,0.013359944483784192,0.008439594624176872
2022-07-15,-0.007382368714372922,-0.0058612424903623506
2022-07-18,-0.0020050775347149052,0.0032091058932044447
2022-07-19,0.011156950051192771,0.00868894343080906
2022-07-20,0.028761276693068938,0.008466594393150562
2022-07-21,-0.007931021194094612,-0.0043147671289772704
2022-07-22,-0.0031756783840405367,0.002335664197978149
2022-07-25,-0.022549891242258813,-0.008661389657022678
2022-07-26,-0.011393351615474723,-0.0024392820450483965
2022-07-27,0.01138131458091518,0.0032010502141943675
2022-07-28,0.0252701804115667,0.011758822245913736
2022-07-29,-0.003815291764608597,-0.005197850157138917
2022-08-01,0.02181336229444364,0.013297618909773545
2022-08-02,0.008813571281310217,-0.0003041720572136697
2022-08-03,0.009194264897624871,0.006621377378296156
2022-08-04,-0.0014406062350911242,-0.004346832789863031
2022-08-05,0.012209386129574451,0.008066629510665946
2022-08-08,0.002454653621677405,0.004775434658736755
2022-08-09,0.00514741630643667,-0.0029258598945235414
2022-08-10,0.002724244676582277,0.004680798705152922
2022-08-11,-0.012513153416906508,-0.006226235554013693
2022-08-12,0.01597853193380594,0.01189966335611059
2022-08-15,0.008045886179138373,-0.00021252517895387069
2022-08-16,-0.0015240075381618423,-0.005427629743938733
2022-08-17,-0.00922267724922099,-0.006468906924974038
2022-08-18,-0.003446635444440571,-0.00017209760741243585
2022-08-19,0.002082993849470194,0.005077753287860309
2022-08-22,-0.009321304626788596,-0.008548609837298438
2022-08-23,0.01781509392325442,0.016165048201404186
2022-08-24,0.005977043081759836,0.006841953614060259
2022-08-25,0.0032994181270988854,-0.0028279240965078944
2022-08-26,-0.009673013783391582,-0.00925561800263619
2022-08-29,-0.004202746807905777,0.0031472572169317647
2022-08-30,-0.013612364922799824,-0.009554112230945822
2022-08-31,0.00027732496574484067,-0.00173432263215767
2022-09-05,0.006075531925708644,0.005608433762755771
2022-09-06,-0.012886356743832206,-0.001142245515874385
2022-09-07,-0.04337790583241641,-0.036293473116985275
2022-09-08,-0.011756592460644755,-0.015010720603512162
2022-09-09,0.031991055982473204,0.028415900634075175
2022-09-12,-0.002043913445006207,-0.0026796114954487082
2022-09-13,0.01536074687460931,0.004199059978888586
2022-09-14,0.011995111648152479,0.00875776035003839
2022-09-15,-0.0034947553151748467,-0.0015508261783131472
2022-09-16,-0.025429166761473665,-0.021193673501224253
2022-09-19,-0.04968145152399417,-0.038796661502298546
2022-09-20,0.022215942727713545,0.014163938313527247
2022-09-21,-0.00040846436018127097,0.004457596995168123
2022-09-22,0.015823893720196658,0.007891131799525608
2022-09-23,-0.012650567712766736,-0.00519952952517877
2022-09-26,-0.05285220217757913,-0.03886796062412279
2022-09-27,-0.020602920575557238,-0.013327993290046414
2022-09-28,-0.010374288220288741,-0.0074071145196346055
2022-09-29,-0.029061747986775743,-0.01680241201810484
2022-09-30,0.0168178151920495,0.008667196940700395
2022-10-03,-0.05415619666195581,-0.06482188502952513
2022-10-04,-0.0068176690802173034,-0.013289331400281323
2022-10-05,0.03036207334655039,0.037949787128724655
2022-10-06,-0.029947828971316537,-0.03588642994327318
2022-10-07,-0.01674042967283118,-0.02171295109870819
2022-10-10,0.03200245973565119,0.034913475466344046
2022-10-11,-0.027593423026951447,-0.04020929065814338
2022-10-12,0.02364144432777282,0.029864895030770278
2022-10-13,0.0026478842548591786,0.0021714112858080004
2022-10-14,0.01300883580835066,0.01866163318717362
2022-10-17,0.012037156453517994,0.007787611891948654
2022-10-18,-0.003911658719336075,0.0017531402306150135
2022-10-19,-0.008652214534327851,-0.01021158579985948
2022-10-20,-0.008131924356760245,-0.011724573579429132
2022-10-21,-0.04071698124669143,-0.05276988230980173
2022-10-24,-0.026705965402217258,-0.03772047469820372
2022-10-25,0.01151105717492773,0.013110825912225454
2022-10-26,-0.016485616555411253,-0.018621722519694628
2022-10-27,0.03551645204951703,0.046786008461901396
2022-10-28,-0.018752662049854707,-0.019610098599453618
2022-10-31,-0.02447796315151618,-0.025829360720427186
2022-11-01,0.01472916723880724,0.012591320982163312
2022-11-02,-0.009783439036097463,0.004506083110136672
2022-11-03,-0.001017843380048955,-0.011045039807212276
2022-11-04,-0.04551584865535774,-0.042043480818092616
2022-11-07,-0.047134194389134465,-0.043550497512593545
2022-11-08,0.02495498318490119,0.0065523315885653854
2022-11-09,0.0022990573629089184,0.0034718282771444287
2022-11-10,-0.06542924345643475,-0.057478259172996204
2022-11-11,-0.026072667655061554,-0.04009483787197288
2022-11-14,-0.049864466736390334,-0.04816590550010025
2022-11-15,-0.06446040809803555,-0.055625319592596645
2022-11-16,0.06127965495775256,0.051254143711415345
2022-11-17,0.0395014352790215,0.038613954082102664
2022-11-18,0.01731502276835939,0.022705929866481345
2022-11-21,0.009359102990762702,0.024469622582167228
2022-11-22,0.01682146978761012,0.007017234713459164
2022-11-23,-0.022797321472441623,-0.028598755448926205
2022-11-24,0.01639235057886057,0.024168095848267512
2022-11-25,0.04834330084537086,0.04332888693897008
2022-11-28,0.05589869081463816,0.052563041139090494
2022-11-29,0.03512169774554286,0.032775677291659866
2022-11-30,0.023914103533545283,0.02039723365643442
2022-12-01,0.0050756687855497695,0.011210329306574396
2022-12-02,0.06623327272391633,0.050977388527209566
2022-12-05,0.04105180950461307,0.03470783859534432
2022-12-06,-0.06229205590467335,-0.04309277730928429
2022-12-07,-0.03594574773760906,-0.02498427868394404
2022-12-08,0.05285619738093161,0.034314855435672476
2022-12-09,0.026805195685571048,0.019934633473628116
2022-12-12,-0.05063882623267335,-0.03926642070720021
2022-12-13,0.04698393469369977,0.0313970825947143
2022-12-14,-0.0020768301479519025,-0.0023498558283785442
2022-12-15,0.0040502426462791785,0.004264684598372259
2022-12-16,0.02053624035186341,0.013343838067251035
2022-12-19,-0.02063856329314484,-0.022934630045118753
2022-12-20,-0.029767700268588992,-0.024890684224925796
2022-12-21,-0.035761619456441074,-0.029648492006685623
2022-12-22,-0.0013812062056467456,0.005936388580867424
2022-12-23,-0.017263343915633667,-0.00855979409300478
2022-12-26,-0.061022657730112506,-0.044613772241965166
2022-12-27,0.055347487600363454,0.0376204309123771
2022-12-28,0.007469570268105352,0.007366389379167115
2022-12-29,-0.02488800686928072,-0.019214414566598448
2022-12-30,-0.009441809952530078,-0.008446001865789254
2023-01-03,0.05962162302260854,0.051162207958688644
2023-01-04,0.014028871133094034,0.00948186111896776
2023-01-05,0.015058953550953769,0.006698597960371977
2023-01-06,-0.011002754425202044,-0.012996429619378191
2023-01-09,-0.0061973499188688885,-0.006704498567168371
2023-01-10,0.009043035459794124,0.00852600286939209
2023-01-11,0.010977607117020005,0.006470218672075312
2023-01-12,0.0059811866844246,0.007239109624516571
2023-01-13,-0.0010646435579008129,-0.0014447314063829042
2023-01-16,0.0030825585782146003,-0.0032049847233147633
2023-01-17,0.040800115356667055,0.029525545782419504
2023-01-18,0.020464158648259678,0.02355693922359481
2023-01-19,0.01332814210504063,0.009694104899686362
2023-01-27,0.008885001072944876,0.005370361141006086
2023-01-30,-0.0065034484154105066,-0.001700404397449784
2023-01-31,0.028820671915392504,0.024912923332340187
2023-02-01,-0.05877194409599695,-0.05482793013748033
2023-02-02,-0.004099777941161564,-0.003143630886647597
2023-02-03,-0.0015241052116008458,-0.0004632325204931842
2023-02-06,0.007773785949440448,0.006969532957120661
2023-02-07,-0.03902193741374704,-0.02934912204761353
2023-02-08,0.012739288148349015,0.008899535880300347
2023-02-09,-0.001556335322390301,0.0010484014372704742
2023-02-10,-0.015587612776258308,-0.013578830845041412
2023-02-13,-0.03578255555368104,-0.03648290837206136
2023-02-14,-0.0006094784028055633,0.006212558388959177
2023-02-15,0.03486309699839385,0.029889173932154067
2023-02-16,0.022884681098270798,0.02640006502835135
2023-02-17,-0.0038248016654438555,-0.007484104736390829
2023-02-20,0.05551994506191149,0.05022826759937171
2023-02-21,-0.008751383070762397,-0.010212943261663332
2023-02-22,-0.04669202136213779,-0.038555212946770556
2023-02-23,0.010710621517676433,0.007292787570220449
2023-02-24,-0.027695931090408132,-0.024615958780526137
2023-02-27,-0.029484601199768257,-0.028444538183208246
2023-02-28,0.00636653329003023,0.00833799906166166
2023-03-01,0.03382627694024776,0.009495380661425967
2023-03-02,-0.012936483326729475,-0.011267632713473086
2023-03-03,-0.01966726598467683,-0.021761186498223672
2023-03-06,0.03426949258254908,0.027092861096359888
2023-03-07,0.007671260548098191,0.001249886430162661
2023-03-08,0.03376697872500145,0.017700147104746655
2023-03-09,-0.0014790663959393102,0.000494307497038049
2023-03-10,-0.012426968918062942,-0.012223491466953007
2023-03-13,-0.005620664555004207,-0.010837172438370568
2023-03-14,-0.033184239162120766,-0.02515175784239021
2023-03-15,0.060402314732814544,0.047298064160546716
2023-03-16,-0.016354418547435357,-0.013519247055211014
2023-03-17,0.005982960576289997,0.005002057508296964
2023-03-20,-0.03391570360039031,-0.020574734364362635
2023-03-21,0.019067921702786483,0.014810653078078273
2023-03-22,0.0042922749149301165,0.0029412383221623095
2023-03-23,0.01966007814841686,0.009688758773986894
2023-03-24,0.00847619365775576,0.00911783640190511
2023-03-27,0.017702737012405878,0.013207062805900005
2023-03-28,-0.008213371451928575,-0.010302073642620035
2023-03-29,0.007122300062953224,0.0058677268687428175
2023-03-30,-0.004255273644319102,-0.0028896582037056806
2023-03-31,0.011527691997795353,0.014924867514938045
2023-04-03,0.03970609372492029,0.03154060079752097
2023-04-04,0.010151305658676835,0.0029930168115843703
2023-04-05,0.009319215436345285,0.014178717882838088
2023-04-06,-0.02194118783218202,-0.014456713578041569
2023-04-07,0.024884111277630128,0.014755062786203199
2023-04-10,-0.00198087981501327,-0.008520232505640046
2023-04-11,0.01585013745438335,0.012984515334673485
2023-04-12,-0.008401524086910306,-0.004842761605135193
2023-04-13,-0.006178602491867524,-0.013356879497991359
2023-04-14,-0.03706133972611425,-0.030748688882337283
2023-04-17,0.004970905064476616,-0.001014176907620401
2023-04-18,0.028916932435662623,0.02345661349496564
2023-04-19,-0.02021059240928791,-0.018725023503427973
2023-04-20,-0.0016983925942859468,-0.001684779158358518
2023-04-21,-0.0009160749441318172,-0.0023982002944884506
2023-04-24,-0.002110359706366194,-0.0033833588310545615
2023-04-25,-0.02157119197930668,-0.011542472351347755
2023-04-26,0.01761952577520476,0.013069127927048951
2023-04-27,0.007207031330614955,0.005210172259846546
2023-04-28,0.021989955449857712,0.015673755204755224
2023-05-04,-0.009414306184853949,-0.003927418210478817
2023-05-05,-0.0017526439986228493,-0.004754845727149681
2023-05-08,0.003727309660376932,0.0060821365058936205
2023-05-09,-0.0005591709194352479,0.0009111858643688908
2023-05-10,0.02173379246739282,0.022671374747605277
2023-05-11,0.017031226567826074,0.015355516548875014
2023-05-12,0.005108019683039533,0.009020022827380458
2023-05-15,-0.016757064082265627,-0.019065127527654435
2023-05-16,0.010518946374830085,0.011003894403713854
2023-05-17,-0.015828446439537625,-0.01812897871063368
2023-05-18,-0.008835123848348836,-0.001372766309234441
2023-05-19,0.01242841327160904,0.011907934965676992
2023-05-22,0.007642657729667102,0.014433815303897868
2023-05-23,-0.002278185435696245,-0.002376987209350534
2023-05-24,0.0005012313839232174,0.0029028068870786683
2023-05-25,-0.007319878490053777,-0.007813220402063004
2023-05-26,0.008943952441009762,0.009459814496906027
2023-05-29,0.01318584521514743,0.01630348850964225
2023-05-30,0.009764109490657757,0.012278007930487611
2023-05-31,-0.00010864824206913148,-0.002873960351049143
2023-06-01,0.008546591044740204,0.010660365693411
2023-06-02,0.0019797086182355983,0.004672509697163818
2023-06-05,-0.013803698216194538,-0.012589177333977797
2023-06-06,0.012579498966300173,0.017427276964689487
2023-06-07,0.009717839233283065,0.016426377880819576
2023-06-08,-0.026006969756626974,-0.03489751977520794
2023-06-09,0.003339384756911201,0.012449115918842013
2023-06-12,-0.006260967643948123,-0.007554430466294559
2023-06-13,0.009182956840098733,0.017070167545846227
2023-06-14,-0.010146712271390634,-0.01399700546306537
2023-06-15,0.0027069604721832174,-0.00020994782287131475
2023-06-16,0.0025626144152313124,0.002632975489627265
2023-06-19,0.001476229596205636,-0.008425950758391365
2023-06-20,0.02234283026925521,0.02870969807025414
2023-06-21,0.004031808482997112,0.006254526363977053
2023-06-22,0.013762135493129879,0.017249999509177272
2023-06-23,-0.00491859066461009,-0.006125678549522728
2023-06-26,-0.003532527853497336,-0.0033689297901352555
2023-06-27,0.001481513785697386,-0.00020250752058548205
2023-06-28,-0.009258971668098415,-0.004300261272293104
2023-06-29,-0.01931759134058253,-0.02862009514409125
2023-06-30,-0.002881987314194312,-0.008376673660200895
2023-07-03,-6.791106864878493e-05,-0.0006922987064731378
2023-07-04,0.02150160255359923,0.017329238897069832
2023-07-05,-0.005325654397323909,-0.004154646767072112
2023-07-06,-0.011325610299681932,-0.020282240597555234
2023-07-07,0.004926885936535452,0.0029480875775311777
2023-07-10,0.010696867072134353,0.015693246944783246
2023-07-11,0.003046809807323525,-0.004710797940001954
2023-07-12,0.0005462269875391446,-0.0028592414431040103
2023-07-13,0.017562928521881016,0.020266483749469266
2023-07-14,0.009303802067440747,0.013036188514983449
2023-07-17,-0.0017113659375934676,0.010062769927565718
2023-07-18,-0.005168873433643584,-0.00431398814580497
2023-07-19,-0.006187878853943007,-0.011688882930290023
2023-07-20,0.006830657585535693,0.009288238527362713
2023-07-21,0.019831078252624312,0.020796052643737406
2023-07-24,0.01458409045050102,0.01795402736552898
2023-07-25,-0.005901090878653759,-0.005082207655359383
2023-07-26,0.013039170594025151,0.007647139717730456
2023-07-27,-0.00018781136686163435,0.0129284749298344
2023-07-28,0.008202636901404547,0.01655400398327811
2023-07-31,0.0053038622171865946,0.008113084358027267
2023-08-01,-0.02649277130347205,-0.018230932019680623
2023-08-02,0.01797177944286177,0.009610044116363792
2023-08-03,0.0010597685178930227,-0.0011807108562845725
2023-08-04,0.030650932665749364,0.023802664639858362
2023-08-07,0.002308095886439432,0.005887154221572377
2023-08-08,-0.006028222113712012,-0.003854561712768656
2023-08-09,-0.011122810126519167,-0.009815952303520503
2023-08-10,-0.006697233969205407,-0.003936570069790313
2023-08-11,0.009940702214427999,0.004053094669307811
2023-08-14,0.02709536866974771,0.018373601519974914
2023-08-15,0.0029047205947376753,0.0077303147010043816
2023-08-16,0.017995091670318875,0.008986846436549012
2023-08-17,-0.0029850330458834895,-0.0016370758252722828
2023-08-18,-0.0569789943354837,-0.04517678415985682
2023-08-21,-0.004092607288456618,0.0013680539588314389
2023-08-22,0.011294693869573047,0.0019184724747076665
2023-08-23,-0.007696078096007586,-0.0036410192831469734
2023-08-24,0.04850766965761011,0.03223376492654806
2023-08-25,-0.005124612429753594,0.002214394577350731
2023-08-28,0.01617868989516036,0.012440762112489345
2023-08-29,0.00966973130800608,0.009146416886163466
2023-08-30,0.010180041262233264,0.002493156214079306
2023-08-31,0.01898417567023114,0.017752193101116864
2023-09-05,0.007257366899091622,0.008016489608525967
2023-09-06,0.010813712544040843,0.011651962247411163
2023-09-07,-0.004026971958547287,-0.005083699980674372
2023-09-08,0.002699205299675711,0.0025814509163768484
2023-09-11,-0.023773257324605,-0.026318745878074257
2023-09-12,0.03395235180576872,0.03111942610289642
2023-09-13,-0.006881376001560802,-0.008315097466543908
2023-09-14,-0.02722998015917666,-0.02802048892264508
2023-09-15,0.0029196417633046146,0.0022217792247749557
2023-09-18,-0.01967569698169802,-0.01902115353228373
2023-09-19,-0.0106765886148944,-0.011508437324587062
2023-09-20,0.031604581487074235,0.03451802145121596
2023-09-21,-0.022496080443201283,-0.020734566932409604
2023-09-22,-0.05374133644153056,-0.04493816343919799
2023-09-25,-0.06609587751148993,-0.05605183687851756
2023-09-26,-0.03058997853186529,-0.022945513061432
2023-09-27,0.0411678429829796,0.0353135402734468
2023-09-28,-0.018711734646297606,-0.012800432992371102
2023-09-29,0.007727985720750841,0.003976571622651637
2023-10-02,-0.001531015997005114,0.004728025331027341
2023-10-03,-0.059734151001522906,-0.06135692444363239
2023-10-04,0.03510739652574024,0.024823378197999846
2023-10-05,-0.017809630179951297,-0.028033218171531482
2023-10-06,0.027295150123505474,0.025445703445431844
2023-10-09,0.020329203028601084,0.02441431409043915
2023-10-10,-0.009883328736673525,-0.009073826858086442
2023-10-11,0.02376852224490178,0.01918066385814088
2023-10-12,0.0025508583671307594,0.00535054448780814
2023-10-13,0.01008706316164698,0.003491646112177227
2023-10-16,-0.01921825174805336,-0.013780034137673702
2023-10-17,-0.04930648538787674,-0.053698834898931236
2023-10-18,-0.016030848214893756,-0.024554360576009904
2023-10-19,-0.02288409070790398,-0.01826897169766195
2023-10-20,0.039950988745099725,0.04997829024368006
2023-10-23,-0.013715181244466579,-0.010568559786358178
2023-10-24,0.013919809130828797,0.01929924558669205
2023-10-25,-0.010725124636144612,-0.01757332159940528
2023-10-26,-0.06212316292935738,-0.06020807473675349
2023-10-27,0.02421289410230676,0.03229580026442758
2023-10-30,-0.04175331864206977,-0.04059796373103619
2023-10-31,-0.04057540222698497,-0.024107134493090654
2023-11-01,0.013834045810606543,0.03210499471110517
2023-11-02,0.05521649828765218,0.06686110585652472
2023-11-03,0.001027173932870884,0.0032143130513615503
2023-11-06,0.013412853360618815,0.013966216381009477
2023-11-07,-0.010819701319401465,-0.014470642497172892
2023-11-08,0.05624028284109284,0.06840063289494469
2023-11-09,0.012003132139217998,0.018159950492949717
2023-11-10,-0.00510272853912086,-0.008751756114620202
2023-11-13,0.009391524524128059,0.001372387397928998
2023-11-14,0.0008582153714300489,0.005908405938108929
2023-11-15,-0.00023138334887728984,-0.0007417819187480745
2023-11-16,0.023769930974448794,0.026966366742275927
2023-11-17,-0.013909547308826986,-0.021168891391636024
2023-11-20,0.011354725743117022,0.009811139230666344
2023-11-21,0.01042720237007111,0.014417017300830448
2023-11-22,0.01707616316953553,0.02021475582540977
2023-11-23,-0.04499680030359776,-0.05311190579652847
2023-11-24,0.022688939032146527,0.022463815880040983
2023-11-27,-0.018572113518700473,-0.02210433550816726
2023-11-28,0.0061318845042899195,0.005346359505501219
2023-11-29,0.016480748834066805,0.014590212583105888
2023-11-30,-0.006710419232484166,-0.005734240298032156
2023-12-01,0.0025252876199948204,0.0005670560264339208
2023-12-04,0.04560276715709577,0.04204449009856259
2023-12-05,0.0002923691804199713,-0.002016683547080067
2023-12-06,0.01884594631145564,0.018663150714515186
2023-12-07,-0.01990678672970192,-0.017740267781055197
2023-12-08,-0.008832026535815718,-0.008251359905173006
2023-12-11,-0.0017205148777228452,-7.27273716165655e-05
2023-12-12,0.000540195271197641,0.0022838055639349264
2023-12-13,-0.019822175682689736,-0.017982085875382636
2023-12-14,-0.011186934767197454,-0.009118733317018846
2023-12-15,0.0007825280068407547,0.0017450729817047872
2023-12-18,-0.008680594386363594,-0.00976729617583838
2023-12-19,0.013997202237492123,0.0115927809660068
2023-12-20,0.001924911002633145,0.0008769595109718864
2023-12-21,-0.001118514324017772,-0.0005643264884666044
2023-12-22,0.0003293431762418919,-8.915449463231528e-05
2023-12-25,0.01261627542936572,0.01330006454319177
2023-12-26,0.006164517514821721,0.0032410439223387044
2023-12-27,-0.0033348127810799433,-0.004516955696620362
2023-12-28,-0.00011671991748241073,-0.0005873723187698188
2023-12-29,0.004915779183321423,0.005069063677075825
