month,n,overlap_old50,delisted,symbols
2018-01,50,24,ROS KLF HAI FLC AMD,VNM VJC VIC VGC VCG VCB TCH STB SSI SHB SCR SBT ROS REE PVS PVD PIV NVL MWG MSN MBB LDG KLF KBC HVN HSG HQC HPG HBC HAR HAI HAG GMD GAS FPT FLC FIT DXG DST DIG DHG CTG CTD CII BVH BMP BID ASM AMD AAA
2018-02,50,26,ROS HAI FLC AMD,VNM VJC VIC VGC VCG VCB TCH STB SSI SHB SCR SBT ROS REE PVS PVD PLX NVL MWG MSN MBB LDG KDC KBC IDI HVN HSG HQC HPG HNG HBC HAI HAG GMD GAS FPT FLC DXG DIG DHG CTG CTD CII BVH BMP BID ASM AMD ACB AAA
2018-03,50,26,ROS HAI FLC AMD,VNM VJC VIC VGC VCG VCB TCH STB SSI SHB SCR SBT ROS REE QCG PVS PVD PLX NVL MWG MSN MBB LDG KBC IDI HVN HUT HSG HPG HNG HBC HAI HAG GMD GAS FPT FLC DXG DIG DHG CTG CTD CII BVH BMP BID ASM AMD ACB AAA
2018-04,50,25,ROS HAI FLC,VNM VJC VIC VGC VCG VCB TCH STB SSI SHB SCR SBT ROS REE QCG PVS PVI PVD PLX NVL MSN MBB LDG KBC IDI HVN HSG HPG HNG HBC HAR HAI HAG GMD GAS FPT FLC DXG DVN DIG DHG CTG CTD CII BVH BMP BID ASM ACB AAA
2018-05,50,25,ROS FLC,VNM VJC VIC VGC VCG VCB STB SSI SHB SCR SBT ROS REE QCG PVS PVI PVD PLX PDR NVL MSN MBB LDG KBC IDI HVN HUT HSG HPG HNG HBC HAR HAG GMD GAS FPT FLC DXG DIG DHG CTI CTG CTD CII BVH BMP BID ASM ACB AAA
2018-06,50,23,ROS FLC,VNM VJC VIC VGC VCG VCB TCH STB SSI SHB SCR SBT ROS REE QCG PVS PVI PLX PDR NVL MSN MBB LDG KBC IDI HVN HUT HSG HPG HNG HBC HAR HAG GMD GAS FPT FLC DXG DIG DHG CTI CTG CTD CII CEO BVH BID ASM ACB AAA
2018-07,50,24,ROS FLC,VPB VNM VJC VIC VHM VGC VCS VCB TCH STB SSI SHB SCR SBT ROS QCG PVS PNJ PLX PDR NVL NSH MWG MSN MBB LDG KBC IDI HVN HUT HSG HPG HNG HBC HAG GAS FPT FLC DXG DIG DHG CTG CTD CII CEO BVH BID ASM ACB AAA
2018-08,50,24,ROS FLC,VPB VNM VJC VIC VHM VGC VCS VCB TTB TCH STB SSI SHB SCR SBT ROS QCG PVS PNJ PLX NVL NSH MWG MSN MBB LDG KBC IDI HVN HSG HPG HNG HBC HAG GAS FPT FLC DXG DIG DHG CTG CTD CII CEO BVH BID ASM ART ACB AAA
2018-09,50,26,ROS FLC,VRE VRC VPB VNM VJC VIC VHM VGC VCS VCB TCH STB SSI SHB SCR SBT ROS QCG PVS PVD PNJ PLX NVL MWG MSN MBB LDG KBC IDI HVN HSG HPG HNG HBC HAG GEX GAS FPT FLC DXG DIG DHG CTG CTD CII BID ASM ART ACB AAA
2018-10,50,27,ROS FLC,VRE VRC VPB VNM VJC VIC VHM VGC VCB TCH STB SSI SJF SHB SCR SBT ROS QCG PVS PVD PNJ PLX NVL MWG MSN MBB LDG KBC IDI HVN HSG HPG HNG HBC HAG GMD GEX GAS FPT FLC DXG DIG DHG CTG CTD BID ASM ART ACB AAA
2018-11,50,26,ROS FLC,VRE VRC VPB VNM VJC VIC VHM VGC VCS VCG VCB STB SSI SJF SHB SCR SBT ROS QCG PVS PVD PNJ PLX NVL MWG MSN MBB LDG KBC IDI HVN HSG HPG HNG HBC HAG GMD GEX GAS FLC DXG DIG CTI CTG CTD BID ASM ART ACB AAA
2018-12,50,26,ROS FLC,VRE VRC VPB VNM VJC VIC VHM VGC VCS VCG VCB STB SSI SJF SHB SCR SBT ROS QCG PVS PVD PNJ PLX OGC NVL MWG MSN MBB LDG KBC IDI HVN HSG HPG HNG HBC HAG GMD GEX GAS FLC DXG CTI CTG CII BID ASM ART ACB AAA
2019-01,50,27,ROS FLC,VRE VPB VNM VJC VIC VHM VGC VCS VCG VCB STB SSI SHB SCR SBT ROS QCG PVS PVD POW PNJ PLX OGC NVL MWG MSN MBB LDG KBC IDI HSG HPG HNG HDB HBC HAG GMD GEX GAS FLC DXG CTI CTG CTD CII BSR BID ASM ACB AAA
2019-02,50,27,ROS FLC,VRE VPB VNM VNG VJC VIC VHM VGC VCS VCG VCB STB SSI SCR SBT ROS QCG PVS PVD POW PLX OGC NVL MWG MSN MBB LDG KBC ITA HVN HPG HNG HDB HBC HAG GMD GEX GAS FLC EIB DXG CTI CTG CTD CII BSR BID ASM ACB AAA
2019-03,50,26,ROS FLC,VRE VPB VNM VNG VJC VIC VHM VGC VCG VCB TCH STB SSI SHB SCR SBT ROS PVS PVD POW PLX NVL MWG MSN MBB LDG KBC ITA HVN HSG HPG HNG HBC HAG GEX GAS FLC EIB DXG DHG CTI CTG CTD CII BWE BSR BID ASM ACB AAA
2019-04,50,27,ROS FLC AMD,VRE VPB VNM VJC VIC VHM VGC VCG VCB TCM TCB STB SSI SHB SCR SBT ROS PVS PVD POW PLX PHR NVL MWG MSN MBB LDG KBC ITA HVN HSG HPG HNG HBC HAG GEX GAS FLC DXG DHG CTI CTG CTD CII BWE BSR BID AMD ACB AAA
2019-05,50,27,ROS FLC,VRE VPB VNM VJC VIC VHM VGC VEA VCG VCB TCM TCB STB SSI SHB SCR SBT ROS PVS PVD POW PLX NVL NLG MWG MSN MBB LDG KBC ITA HVN HSG HPG HNG HBC HAG GEX GAS FLC DXG DHG CTI CTG CTD CII BWE BSR BID ACB AAA
2019-06,50,25,ROS FLC,VRE VNM VJC VIC VHM VGC VCG VCB TCM TCB STB SHB SCR SBT ROS PVS PVD PPC POW PNJ PLX PHR NVL NLG NBB MWG MSN MBB LDG KBC ITA HVN HSG HPG HNG HBC HAG GAS FPT FLC DXG CTI CTG CTD CII BWE BVH BSR BID AAA
2019-07,50,26,ROS FLC,VRE VPB VNM VJC VIC VHM VGC VEA VCG VCB TNG TCM TCB STB SCR SBT ROS PVS PVD PPC POW PNJ PLX PHR PDR NVL NLG NBB MWG MSN MBB KBC ITA HVN HSG HPG HNG HBC HAG GAS FPT FLC DXG CTI CTG CTD BVH BSR BID AAA
2019-08,50,27,ROS FLC,VRE VPB VNM VJC VIC VHM VGI VGC VEA VCS VCB TNG TCM TCH TCB STB SCR SBT ROS REE PVS PVD PPC POW PNJ PLX PHR PDR NVL NLG MWG MSN MBB KBC HVN HSG HPG HNG HBC HAG GVR GAS FTM FPT FLC CTG BVH BSR BID AAA
2019-09,50,28,ROS FLC,VRE VPB VNM VJC VIC VHM VGI VGC VEA VCS VCB TNG TCM TCH TCB STB SCR SBT ROS REE PVS PVD POW PNJ PLX PHR PDR NVL NLG MWG MSN MBB KBC ITA HVN HPG HNG HBC HAG GVR GMD GAS FTM FPT FLC DXG CTG BVH BID AAA
2019-10,50,28,ROS FLC,VRE VPB VNM VJC VIC VHM VGI VEA VCS VCB TCH TCB STB SCR SBT ROS REE PVS PVD POW PNJ PLX PHR PDR NVL NLG MWG MSN MBB LDG KBC ITA HVN HPG HNG HBC HAG GVR GMD GAS FTM FPT FLC DXG CTI CTG BVH BSR BID AAA
2019-11,50,31,ROS FLC,VRE VPB VNM VJC VIC VHM VGI VCS VCB TCH TCB STB SSI SCR SBT ROS REE PVS PVD POW PNJ PLX PHR NVL NLG MWG MSN MBB LDG KBC ITA HVN HPG HNG HDB HBC GVR GMD GAS FPT FLC DXG CTI CTG CII BVH BID ASM ACB AAA
2019-12,50,30,ROS HVG FLC,VRE VRC VPB VNM VJC VIC VHM VGI VCS VCB TNA TCH TCB STB SSI SCR SBT ROS REE PVS PVD POW PNJ PLX PHR NVL MWG MSN MBB LDG KBC HVN HVG HSG HPG HDB HBC GAS FPT FLC DXG CTI CTG CII BVH BSR BID ASM ACB AAA
2020-01,50,27,ROS HVG HAI FLC,VRE VRC VPB VNM VJC VIC VHM VCS VCB TNA TCH TCB STB SCR SBT ROS REE PVS PVD POW PNJ PHR NVL NVB MWG MSN MBG MBB LDG KBC HVG HSG HPG HDB HBC HAI GEG GAS FPT FLC FIT DXG DAH CTG BVH BSR BID ASM ACB AAA
2020-02,50,28,ROS HVG HAI FLC,VRE VRC VPB VNM VJC VIC VHM VCS VCB TNA TCH TCB STB SCR SBT ROS REE PVS PVD POW PNJ PLX NVL NVB MWG MSN MBB LDG KBC HVG HSG HPG HDB HBC HAI GEG GAS FPT FLC FIT DXG DLG DAH CTG BVH BSR BID ASM ACB AAA
2020-03,50,29,ROS HAI FLC AMD,VRE VPB VNM VJC VIC VHM VCS VCB TNA TCH TCB STB SHB SCR SBT ROS REE PVS PVD POW PNJ PLX PHR NVL NVB MWG MSN MBB LDG KBC HVN HSG HPG HDB HBC HAI GAS FPT FLC FIT DXG DLG DAH CTG BVH BSR BID AMD ACB AAA
2020-04,50,30,ROS HAI FLC AMD,VRE VPB VNM VJC VIC VHM VGI VCS VCB TCH TCB STB SSI SHB SCR SBT ROS REE PVS PVD POW PNJ PLX NVL NVB NLG MWG MSN MBB LDG KBC HVN HSG HPG HDB HBC HAI GAS FPT FLC FIT DXG DLG CTG BVH BSR BID AMD ACB AAA
2020-05,50,28,ROS HAI GAB FLC AMD,VRE VPB VNM VJC VIC VHM VGI VCS VCB TCH TCB STB SSI SHB SCR SBT ROS PVS PVD POW PNJ PLX PHR NVL NVB NLG MWG MSN MBB LDG KSB KBC HVN HSG HPG HBC HAI GAS GAB FPT FLC DXG DLG CTG BVH BSR BID AMD ACB AAA
2020-06,50,28,ROS HAI GAB FLC AMD,VRE VPB VNM VJC VIC VHM VGI VCS VCB TCB STB SSI SHB SBT ROS PVS PVD POW PNJ PLX PHR NVL NVB NLG MWG MSN MBB LDG KBC ITA HVN HSG HPG HBC HAI GEX GAS GAB FPT FLC DXG DBC CTG CII BVH BSR BID AMD ACB AAA
2020-07,50,28,ROS FLC AMD,VRE VPB VNM VJC VIC VHM VGI VCB TNI TCH TCB STB SSI SHB SBT ROS PVS PVD POW PNJ PLX PHR NVL NLG MWG MSN MBB LDG KBC ITA HVN HSG HQC HPG HBC HAG GAS FPT FLC DXG DBC CTG CTD CII BVH BSR BID AMD ACB AAA
2020-08,50,28,ROS FLC,VRE VPB VNM VJC VIC VHM VCB TNI TCH TCB STB SSI SHB SBT ROS PVS PVD POW PNJ PLX PHR NVL NVB NLG MWG MSN MBB LDG KSB KBC ITA HSG HQC HPG HBC HAG GVR GEX GAS FPT FLC DXG DBC CTG CTD CII BVH BID ACB AAA
2020-09,50,26,ROS FLC,VRE VPB VNM VJC VIC VHM VCB TNI TCH SZC STB SSI SBT ROS PVS PVD POW PLX PHR NVL NVB NLG MWG MSN MBB LPB LDG KSB KDC KBC ITA HSG HQC HPG HBC HAG GEX GAS FPT FLC DXG DHC DBC CTG CTD CII BVH BID ACB AAA
2020-10,50,27,ROS FLC,VRE VPB VNM VJC VIC VHM VCB TCH TCB SZC STB SSI SBT ROS PVS PVD POW PLX PHR OGC NVL NVB NLG MWG MSN MBB LPB LDG KSB KDC KBC ITA HSG HPG HNG HBC HAG GEX GAS FPT FLC DXG DHC DBC CTG CTD BVH BID ACB AAA
2020-11,50,28,FLC,VRE VPB VNM VJC VIC VHM VCB TTF TCH TCB STB SSI SBT PVS PVD POW PNJ PLX PHR PDR OGC NVL MWG MSN MBB LPB LDG KSB KDC KBC ITA HSG HPG HNG HBC HAG GVR GEX GAS FPT FLC DXG DBC CTG CTD CII BVH BID ACB AAA
2020-12,50,29,GAB FLC,VRE VPB VNM VJC VIC VHM VCB TTF TCH TCB STB SSI SBT PVS PVD POW PNJ PLX PHR PDR NVL MWG MSN MBB LPB LDG KBC ITA HSG HPG HNG HBC HAG GVR GEX GAS GAB FPT FLC DXG DIG DCM DBC CTG CTD CII BVH BID ASM ACB
2021-01,50,30,FLC,VRE VPB VNM VJC VIC VHM VCB TTF TCH TCB STB SSI SHB SBT PVS PVD POW PNJ PDR NVL MWG MSN MBB LPB LDG KSB KBC ITA HSG HPG HNG HCM HBC HAG GVR GMD GEX GAS FPT FLC DXG DIG DCM CTG CTD CII BVH BID ASM ACB
2021-02,50,29,ROS FLC,VRE VPB VNM VJC VIC VHM VCB TCH TCB STB SSI SHB SBT ROS PVS PVD POW PDR NVL MWG MSN MBB LPB LDG KBC ITA IDC HSG HPG HNG HCM HBC HAG GVR GMD GEX GAS FPT FLC FIT DXG DIG CTG CTD CII BVH BSR BID ASM ACB
2021-03,50,30,ROS FLC,VRE VPB VNM VJC VIC VHM VCB TCH TCB STB SSI SHB SBT ROS PVT PVS PVD POW PLX PDR NVL MWG MSN MBB LPB LDG KBC ITA IDC HSG HPG HNG HCM HBC HAG GVR GMD GEX GAS FPT FLC FIT DXG DIG CTG CTD BVH BSR BID ACB
2021-04,50,28,ROS FLC,VRE VPB VNM VJC VIC VHM VCB TCH TCB STB SSI SHS SHB SBT ROS PVT PVS PVD POW PLX PDR NVL NVB MSN MBB LPB LDG KBC ITA IJC IDC HSG HPG HNG HBC HAG GVR GMD GEX GAS FPT FLC FIT DXG DIG CTG CTD CII BSR ACB
2021-05,50,29,ROS FLC,VRE VPB VNM VJC VIX VIC VHM VCB THD TCH TCB STB SSI SHS SHB SBT ROS PVS PVD POW PLX PDR NVL NVB MSN MBB LPB LDG KDC KBC ITA IJC IDC HSG HQC HPG HNG HBC GVR GMD GEX GAS FPT FLC DXG DIG CTG BSR BID ACB
2021-06,50,29,ROS FLC,VRE VPB VNM VIC VHM VCB TPB THD TCH TCB STB SSI SHS SHB ROS PVS PVD POW PLX PDR NVL NVB NLG NKG MSN MBB LPB KDH KDC KBC ITA IJC IDC HSG HQC HPG HNG HBC GVR GMD GEX FPT FLC DXG DIG CTG BSR BID ART ACB
2021-07,50,29,ROS FLC,VRE VPB VNM VIC VHM VCB THD TCH TCB STB SSI SHS SHB SCR ROS PVS PVD POW PLX PDR NVL NVB NLG NKG MSN MBB LPB KDH KBC ITA IJC HSG HQC HPG HNG HBC GVR GMD GEX FPT FLC FIT DXG DIG CTG BSR BID ART ACB AAA
2021-08,50,31,ROS FLC,VRE VPB VNM VND VIC VHM VCB TPB THD TCB STB SSI SHS SHB SCR ROS PVS PVD POW PLX PDR NVL NVB NLG NKG MSN MBB LPB KDH KDC KBC ITA IJC HSG HPG HNG HCM GVR GMD GEX FPT FLC FIT DXG DIG CTG BSR BID ACB AAA
2021-09,50,31,ROS FLC,VRE VPB VNM VND VIC VHM VGT VCI VCB THD TCB STB SSI SHS SHB SCR ROS PVS POW PLX PDR NVL NVB NLG NKG MSN MBB LPB KDH KDC KBC IJC HSG HPG HNG HCM GVR GMD GEX FPT FLC FIT DXG DIG DCM CTG BSR APH ACB AAA
2021-10,50,30,FLC,VRE VPB VNM VND VJC VIC VHM VGT VCI TPB THD TCH TCB STB SSI SHS SHB SCR PVT PVS POW PDR NVL NLG NKG MSN MBB LPB KDH KDC KBC IJC IDC HSG HPG HCM GVR GMD GEX FPT FLC FIT DXG DIG DCM CTG BSR APH ACB AAA
2021-11,50,30,FLC,VRE VPB VNM VND VJC VIC VHM VGT VCI THD TCB STB SSI SHS SHB SCR PVT PVS POW PDR NVL NLG NKG MSN MBB KDH KDC KBC ITA IJC IDC HSG HPG HHV HBC GVR GMD GEX GAS FPT FLC FIT DPM DIG DCM CTG BSR APH ACB AAA
2021-12,50,26,FLC,VRE VPB VNM VND VIC VHM VGT VCI THD TCH TCB STB SSI SHS SHB SCR SBT PVS POW PDR PAN NVL NLG NKG MSN MBB LDG KBC ITA IJC IDC HSG HQC HPG HHV HBC GVR GMD GEX GAS FLC FIT DXG DIG DCM CTG CII BSR APS APH
2022-01,50,22,ROS FLC,VRE VPB VNM VND VIC VHM VGT VCG TCH TCB STB SSI SHS SHB SCR ROS PVS POW PDR PAN NVL NLG NKG MSN LDG KBC ITA IDC HSG HQC HPG HNG HHV HBC HAG GVR GEX FLC FIT FCN DXG DIG DCM CTG CII CEO BSR APS APH AAA
2022-02,50,22,ROS FLC,VRE VPB VNM VND VIC VHM VGT VCG TCH TCB STB SSI SHS SHB SCR ROS PVS POW PDR PAN NVL NLG NKG MSN MBB LDG LCG KBC ITA IDC HSG HQC HPG HNG HHV HBC HAG GEX FLC FIT FCN DXG DIG DCM CTG CII CEO BSR APH AAA
2022-03,50,23,ROS FLC,VRE VPB VNM VND VIC VHM VCG TPB TCH TCB STB SSI SHS SHB SCR ROS PVS PVD POW PDR NVL NLG NKG MSN MBB LPB LDG LCG KDC KBC ITA HSG HQC HPG HNG HHV HBC HAG GEX FLC FCN DXG DIG DCM CTG CII CEO BSR APH AAA
2022-04,50,24,ROS FLC BCG,VRE VPB VNM VND VIC VHM VCG TTF TPB TCH TCB STB SSI SHB SCR ROS PVS PVD POW PLX PDR NVL NLG NKG MSN MBB LDG KDC KBC ITA HUT HSG HQC HPG HNG HBC HAG GEX FLC FCN DXG DPM DIG DCM CTG CII CEO BSR BCG APH
2022-05,50,28,ROS FLC BCG,VRE VPB VNM VND VIC VHM TSC TCB STB SSI SHB SCR ROS PVS PVD POW PLX PDR NVL NLG NKG MWG MSN MBB LDG KBC ITA IDC HUT HSG HQC HPG HBC HAG GMD GEX FPT FLC FCN DXG DPM DIG DGC DCM CTG CII CEO BSR BCG APH
2022-06,50,26,FLC BCG,VRE VPB VNM VND VIC VHM VHC TSC TCB STB SSI SHB SCR PVS PVD POW PDR NVL NLG NKG MWG MSN MBB LDG KDC KBC ITA IDC HUT HSG HQC HPG HBC HAG GMD GEX FPT FLC FCN DXG DPM DIG DGC DCM CII CEO BSR BCG ASM APH
2022-07,50,30,FLC BCG,VRE VPB VNM VND VIC VHM VHC TCB STB SSI SHS PVS PVD POW PDR NVL NLG NKG MWG MSN MBB KDC KBC ITA IDI IDC HUT HSG HPG HBC HAG GMD GEX GAS FRT FPT FLC DXG DPM DIG DGC DCM CTG CII CEO BVH BSR BCG ASM APH
2022-08,50,32,BCG,VRE VPB VNM VND VJC VIC VHM VHC VCI TCB STB SSI SHS SHB PVS PVD POW PDR NVL NLG NKG MWG MSN MBB KDC KBC ITA IDI IDC HUT HSG HPG HBC HAG GMD GEX GAS FRT FPT DXG DPM DIG DGC DCM CTG CII CEO BVH BSR BCG
2022-09,50,30,BCG,VPB VNM VND VHM VHC VGC VCI TCB STB SSI SHS SHB PVS PVD POW PDR NVL NLG NKG MWG MSN MBB KDC KBC ITA IDC HUT HSG HPG HNG HCM HBC HAG GMD GEX GAS FRT FPT DXG DPM DIG DGC DCM DBC CTG CII CEO BVH BSR BCG
2022-10,50,28,BCG,VPB VNM VND VHM VHC VGC VCI VCG TCB STB SSI SHS SHB PVS PVD POW PDR NVL NLG NKG MWG MSN MBB KDC KBC IDC HUT HSG HPG HNG HDG HCM HBC HAG GEX FRT FPT DXG DPM DIG DGC DCM DBC CTG CII CEO BVH BSR BCG BAF
2022-11,50,29,BCG,VPB VNM VND VIX VHM VGC VCI VCG TCB STB SSI SHS SHB PVS PVD POW PDR NVL NLG NKG MWG MSN MBB KDC KBC IDI IDC HUT HSG HPG HDG HCM HBC HAG GEX FRT FPT DXG DPM DIG DGW DGC DCM DBC CTG CII CEO BVH BSR BCG
2022-12,50,32,,VPB VNM VND VIX VIC VHM VCI VCG VCB TCB STB SSI SHS SHB PVS PVD POW PDR NVL NLG NKG MWG MSN MBB LPB KDH KDC KBC IDC HSG HPG HDC HCM HAG GEX FRT FPT EIB DXG DPM DIG DGW DGC DCM DBC CTG CII CEO BVH BSR
2023-01,50,33,,VRE VPB VNM VND VIX VIC VHM VCI VCG VCB TPB TCB STB SSI SHS SHB PVS PVD POW PDR NVL NLG NKG MWG MSN MBB LPB KDH KDC KBC IDC HSG HPX HPG HCM HAG GEX FRT FPT EIB DXG DIG DGW DGC DCM CTG CII CEO BSR BID
2023-02,50,33,,VRE VPB VNM VND VIX VIC VIB VHM VCI VCG VCB TPB TCB STB SSI SHS SHB PVS PVD POW PDR NVL NLG NKG MWG MSN MBB LPB KDH KDC KBC IDC HSG HPX HPG HCM HAG GEX FRT FPT EIB DXG DIG DGC DCM CTG CII CEO BSR BID
2023-03,50,31,,VRE VPB VNM VND VIX VIC VHM VCI VCG VCB TPB TCB STB SSI SHS SHB PVS PVD POW PDR NVL NKG MWG MSN MBB LPB LCG KDH KDC KBC IDI IDC HSG HPX HPG HHV HCM HAG GEX FRT EIB DXG DIG DGC DCM CTG CII CEO BSR BID
2023-04,50,33,,VRE VPB VNM VND VIC VIB VHM VCI VCG VCB TPB TCB STB SSI SHS SHB PVS PVD POW PDR NVL NKG MWG MSN MBB LPB LCG KSB KDC KBC IDI IDC HSG HPG HHV HCM HAG GEX FRT FPT EIB DXG DIG DGC DCM CTG CEO BSR BID ACB
2023-05,50,30,,VRE VPB VNM VND VIC VHM VCI VCG VCB TPB TCB STB SSI SHS SHB SCR PVS PVD POW PDR NVL NLG NKG MWG MSN MBB LPB LCG KSB KDC KBC IDC HSG HQC HPG HHV HCM HAG GEX FRT EIB DXG DIG DGC DCM CTG CII CEO BSR ACB
2023-06,50,27,BCG,VRE VPB VNM VND VIX VIC VIB VCI VCG TPB TCB STB SSI SHS SHB SCR PVS PVD POW PDR NVL NLG NKG MWG MSN MBB LPB LCG KSB KDC KBC IDC HSG HQC HPG HHV HCM HAG GEX EIB DXG DIG DGC DCM DBC CII CEO BSR BCG ACB
2023-07,50,27,BCG,VRE VPB VNM VND VIX VIB VGC VCI VCG TPB TCB STB SSI SHS SHB PVS PVD POW PDR NVL NLG NKG MWG MSN MBB LPB LCG KSB KDC KBC IDC HSG HQC HPG HHV HCM HAG GEX EIB DXG DIG DGC DCM DBC CTG CII CEO BSR BCG ACB
2023-08,50,28,BCG,VRE VPB VNM VND VIX VIB VGC VCI VCG TPB TCB STB SSI SHS SHB PVS PVD POW PDR NVL NLG NKG MWG MSN MBB LPB LCG KSB KBC IDC HSG HPG HHV HCM HAG GEX EIB DXG DIG DGW DGC DCM DBC CTG CII CEO BSR BCG ACB AAA
2023-09,50,27,BCG,VRE VPB VNM VND VIX VIC VHM VCI VCG TPB TCH TCB STB SSI SHS SHB PVS POW PDR NVL NLG NKG MWG MSN MBB LPB LCG KBC IDC HUT HSG HPG HHV HDC HAG GEX EIB DXG DIG DGW DGC DCM DBC CTG CII CEO BSR BCG ACB AAA
2023-10,50,28,BCG,VRE VPB VNM VND VIX VIC VHM VCI VCG TPB TCH TCB STB SSI SHS SHB PVS POW PDR NVL NLG NKG MWG MSN MBB LCG KBC IDC HUT HSG HPG HHV HDC HAG GEX FPT EIB DXG DIG DGW DGC DCM DBC CTG CII CEO BSR BCG ACB AAA
2023-11,50,30,BCG,VRE VPB VNM VND VJC VIX VIC VHM VCI VCG TPB TCH STB SSI SHS SHB PVS PVD POW PDR NVL NKG MWG MSN MBB LCG KBC IDC HUT HSG HPG HHV HDC HCM HAG GEX FPT EIB DXG DIG DGW DGC DCM DBC CTG CII CEO BSR BCG ACB
2023-12,50,30,BCG,VRE VPB VNM VND VJC VIX VIC VHM VCI VCG TCH STB SSI SHS SHB PVT PVS PVD PDR PC1 NVL NLG NKG MWG MSN MBB KBC IDC HUT HSG HPG HHV HDC HDB HCM HAH HAG GEX FPT EIB DXG DIG DGC DCM DBC CII CEO BSR BCG ACB
