,E1,E6,BH,VNI
2024-01-02,100000000.0,100000000.0,100000000.0,1131.72
2024-01-03,101383231.339375,101383231.339375,101383231.339375,1144.17
2024-01-04,102709231.339375,102709231.339375,102709231.339375,1150.72
2024-01-05,103117231.339375,103117231.339375,103117231.339375,1154.68
2024-01-08,103372231.33937499,103372231.33937499,103372231.33937499,1160.19
2024-01-09,103168231.339375,103168231.339375,103168231.339375,1158.59
2024-01-10,103168231.339375,103168231.339375,103168231.339375,1161.54
2024-01-11,103219231.339375,103219231.339375,103219231.339375,1162.22
2024-01-12,103474231.339375,103474231.339375,103474231.339375,1154.7
2024-01-15,103321231.339375,103321231.339375,103321231.339375,1154.12
2024-01-16,103831231.33937502,103831231.33937502,103831231.33937502,1163.12
2024-01-17,103576231.339375,103576231.339375,103576231.339375,1162.53
2024-01-18,104137231.339375,104137231.339375,104137231.339375,1169.06
2024-01-19,104851231.339375,104851231.339375,104851231.339375,1181.5
2024-01-22,105616231.339375,105616231.339375,105616231.339375,1182.86
2024-01-23,105208231.339375,105208231.339375,105208231.339375,1177.5
2024-01-24,104800231.339375,104800231.339375,104800231.339375,1172.97
2024-01-25,104494231.339375,104494231.339375,104494231.339375,1170.37
2024-01-26,105004231.339375,105004231.339375,105004231.339375,1175.67
2024-01-29,104800231.339375,104800231.339375,104800231.339375,1175.69
2024-01-30,104953231.339375,104953231.339375,104953231.339375,1179.65
2024-01-31,103933231.339375,103933231.339375,103933231.339375,1164.31
2024-02-01,104443231.339375,104443231.339375,104443231.339375,1173.02
2024-02-02,104137231.339375,104137231.339375,104137231.339375,1172.55
2024-02-05,106381231.33937502,106381231.33937502,106381231.33937502,1186.06
2024-02-06,106381231.33937502,106381231.33937502,106381231.33937502,1188.48
2024-02-07,107809231.339375,107809231.339375,107809231.339375,1198.53
2024-02-15,107911231.339375,107911231.339375,107911231.339375,1202.5
2024-02-16,108574231.339375,108574231.339375,108574231.339375,1209.7
2024-02-19,109951231.339375,109951231.339375,109951231.339375,1224.97
2024-02-20,110308231.339375,110308231.339375,110308231.339375,1230.06
2024-02-21,110461231.339375,110461231.339375,110461231.339375,1230.04
2024-02-22,110206231.33937502,110206231.33937502,110206231.33937502,1227.31
2024-02-23,108931231.33937502,108931231.33937502,108931231.33937502,1212.0
2024-02-26,109543231.339375,109543231.339375,109543231.339375,1224.17
2024-02-27,110665231.33937502,110665231.33937502,110665231.33937502,1237.46
2024-02-28,111940231.33937502,111940231.33937502,111940231.33937502,1254.55
2024-02-29,112399231.339375,112399231.339375,112399231.339375,1252.73
2024-03-01,112501231.339375,112501231.339375,112501231.339375,1258.28
2024-03-04,112858231.339375,112858231.339375,112858231.339375,1261.41
2024-03-05,113215231.33937502,113215231.33937502,113215231.33937502,1269.98
2024-03-06,112705231.339375,112705231.339375,112705231.339375,1262.73
2024-03-07,113062231.339375,113062231.339375,113062231.339375,1268.46
2024-03-08,111583231.339375,111583231.339375,111583231.339375,1247.35
2024-03-11,110869231.339375,110869231.339375,110869231.339375,1235.49
2024-03-12,110104231.339375,110104231.339375,110104231.339375,1245.0
2024-03-13,112552231.339375,112552231.339375,112552231.339375,1270.51
2024-03-14,112144231.339375,112144231.339375,112144231.339375,1264.26
2024-03-15,111889231.339375,111889231.339375,111889231.339375,1263.78
2024-03-18,110104231.339375,110104231.339375,110104231.339375,1243.56
2024-03-19,109390231.33937502,109390231.33937502,109390231.33937502,1242.46
2024-03-20,111787231.339375,111787231.339375,111787231.339375,1260.08
2024-03-21,112552231.339375,112552231.339375,112552231.339375,1276.42
2024-03-22,113878231.339375,113878231.339375,113878231.339375,1281.8
2024-03-25,112858231.339375,112858231.339375,112858231.339375,1267.86
2024-03-26,113572231.33937499,113572231.33937499,113572231.33937499,1282.21
2024-03-27,113674231.339375,113674231.339375,113674231.339375,1283.09
2024-03-28,115357231.339375,115357231.339375,115357231.339375,1290.18
2024-03-29,116071231.339375,116071231.339375,116071231.339375,1284.09
2024-04-01,115102231.339375,115102231.339375,115102231.339375,1281.52
2024-04-02,114184231.339375,114184231.339375,114184231.339375,1287.04
2024-04-03,114082231.339375,114082231.339375,114082231.339375,1271.47
2024-04-04,112654231.339375,112654231.339375,112654231.339375,1268.25
2024-04-05,112195231.339375,112195231.339375,112195231.339375,1255.11
2024-04-08,111583231.339375,111583231.339375,111583231.339375,1250.35
2024-04-09,112552231.339375,112552231.339375,112552231.339375,1262.82
2024-04-10,112348231.339375,112348231.339375,112348231.339375,1258.56
2024-04-11,112348231.339375,112348231.339375,112348231.339375,1258.2
2024-04-12,113674231.339375,113674231.339375,113674231.339375,1276.6
2024-04-15,111736231.339375,111736231.339375,111736231.339375,1216.61
2024-04-16,111736231.339375,111736231.339375,111736231.339375,1215.68
2024-04-17,108370231.339375,111404102.267125,108370231.339375,1193.01
2024-04-19,106381231.33937502,111404102.267125,106381231.33937502,1174.85
2024-04-22,107707231.339375,111404102.267125,107707231.339375,1190.22
2024-04-23,106789231.339375,111404102.267125,106789231.339375,1177.4
2024-04-24,109441231.339375,111404102.267125,109441231.339375,1205.61
2024-04-25,109594231.339375,111404102.267125,109594231.339375,1204.97
2024-04-26,110869231.339375,111404102.267125,110869231.339375,1209.52
2024-05-02,110869231.339375,111404102.267125,110869231.339375,1216.36
2024-05-03,111022231.33937499,111404102.267125,111022231.33937499,1221.03
2024-05-06,112858231.339375,111404102.267125,112858231.339375,1241.58
2024-05-07,113572231.33937499,111884599.42337497,113572231.33937499,1248.63
2024-05-08,113572231.33937499,111884599.42337497,113572231.33937499,1250.46
2024-05-09,113623231.339375,111934599.42337498,113623231.339375,1248.64
2024-05-10,113113231.33937499,111434599.42337497,113113231.33937499,1244.7
2024-05-13,112807231.339375,111134599.42337498,112807231.339375,1240.18
2024-05-14,113623231.339375,111934599.42337498,113623231.339375,1243.28
2024-05-15,114184231.339375,112484599.42337498,114184231.339375,1254.39
2024-05-16,116071231.339375,114334599.42337498,116071231.339375,1268.78
2024-05-17,116071231.339375,114334599.42337498,116071231.339375,1273.11
2024-05-20,116581231.33937502,114834599.423375,116581231.33937502,1277.58
2024-05-21,116275231.339375,114534599.42337498,116275231.339375,1277.14
2024-05-22,115714231.339375,113984599.42337498,115714231.339375,1266.91
2024-05-23,115969231.339375,114234599.42337498,115969231.339375,1281.03
2024-05-24,115714231.339375,113984599.42337498,115714231.339375,1261.93
2024-05-27,115153231.339375,113434599.42337498,115153231.339375,1267.68
2024-05-28,115918231.339375,114184599.42337498,115918231.339375,1281.73
2024-05-29,114949231.339375,113234599.42337498,114949231.339375,1272.64
2024-05-30,114388231.33937499,112684599.42337497,114388231.33937499,1266.32
2024-05-31,115714231.339375,113984599.42337498,115714231.339375,1261.72
2024-06-03,116377231.339375,114634599.42337498,116377231.339375,1280.0
2024-06-04,116326231.339375,114584599.42337498,116326231.339375,1283.52
2024-06-05,116428231.339375,114684599.42337498,116428231.339375,1284.35
2024-06-06,116428231.339375,114684599.42337498,116428231.339375,1283.56
2024-06-07,117244231.339375,115484599.42337498,117244231.339375,1287.58
2024-06-10,117346231.339375,115584599.42337498,117346231.339375,1290.67
2024-06-11,117244231.339375,115484599.42337498,117244231.339375,1284.41
2024-06-12,118876231.339375,117084599.42337498,118876231.339375,1300.19
2024-06-13,119794231.339375,117984599.42337498,119794231.339375,1301.51
2024-06-14,119029231.339375,117234599.42337498,119029231.339375,1279.91
2024-06-17,117448231.339375,115684599.42337498,117448231.339375,1274.77
2024-06-18,117703231.339375,115934599.42337498,117703231.339375,1279.5
2024-06-19,117856231.33937502,116084599.423375,117856231.33937502,1279.79
2024-06-20,118723231.339375,116934599.42337498,118723231.339375,1282.3
2024-06-21,118468231.339375,116684599.42337498,118468231.339375,1282.02
2024-06-24,116479231.339375,114734599.42337498,116479231.339375,1254.12
2024-06-25,116428231.339375,114295340.36399996,116428231.339375,1256.56
2024-06-26,115510231.339375,113168834.23899995,115510231.339375,1261.24
2024-06-27,115510231.339375,113168834.23899995,115510231.339375,1259.09
2024-06-28,115204231.339375,112868834.23899995,115204231.339375,1245.32
2024-07-01,116479231.339375,113779275.34837495,116479231.339375,1254.56
2024-07-02,116224231.339375,113352769.22337493,116224231.339375,1269.79
2024-07-03,117295231.339375,114402769.22337493,117295231.339375,1276.85
2024-07-04,117601231.339375,114702769.22337493,117601231.339375,1279.89
2024-07-05,118162231.339375,115252769.22337493,118162231.339375,1283.04
2024-07-08,117958231.339375,115052769.22337493,117958231.339375,1283.56
2024-07-09,118315231.33937502,115402769.22337495,118315231.33937502,1293.71
2024-07-10,117601231.339375,114702769.22337493,117601231.339375,1285.94
2024-07-11,117295231.339375,114402769.22337493,117295231.339375,1283.8
2024-07-12,117244231.339375,114352769.22337493,117244231.339375,1280.75
2024-07-15,116989231.339375,114102769.22337493,116989231.339375,1279.82
2024-07-16,117040231.33937502,114152769.22337495,117040231.33937502,1281.18
2024-07-17,116836231.339375,113952769.22337493,116836231.339375,1268.66
2024-07-18,117295231.339375,114402769.22337493,117295231.339375,1274.44
2024-07-19,117142231.339375,114252769.22337493,117142231.339375,1264.78
2024-07-22,116836231.339375,113952769.22337493,116836231.339375,1254.64
2024-07-23,115357231.339375,112502769.22337493,115357231.339375,1231.81
2024-07-24,114745231.339375,110970106.45149994,114745231.339375,1238.47
2024-07-25,114490231.33937502,110970106.45149994,114490231.33937502,1233.19
2024-07-26,115306231.33937502,110970106.45149994,115306231.33937502,1242.11
2024-07-29,115714231.339375,110970106.45149994,115714231.339375,1246.6
2024-07-30,116122231.33937499,111141503.09212492,116122231.33937499,1245.06
2024-07-31,116989231.339375,111974503.09212494,116989231.339375,1251.51
2024-08-01,114745231.339375,109818503.09212494,114745231.339375,1226.96
2024-08-02,114796231.339375,109490730.56793745,114796231.339375,1236.6
2024-08-05,111736231.339375,109490730.56793745,111736231.339375,1188.07
2024-08-06,113164231.339375,109490730.56793745,113164231.339375,1210.28
2024-08-07,113062231.339375,109490730.56793745,113062231.339375,1215.88
2024-08-08,112297231.33937499,109490730.56793745,112297231.33937499,1208.32
2024-08-09,114184231.339375,109490730.56793745,114184231.339375,1223.64
2024-08-12,114439231.339375,109490730.56793745,114439231.339375,1230.28
2024-08-13,114184231.339375,109490730.56793745,114184231.339375,1230.42
2024-08-14,114439231.339375,109490730.56793745,114439231.339375,1230.36
2024-08-15,113929231.339375,109490730.56793745,113929231.339375,1223.56
2024-08-16,116122231.33937499,109490730.56793745,116122231.33937499,1252.23
2024-08-19,116683231.339375,109490730.56793745,116683231.339375,1261.62
2024-08-20,117193231.339375,109752804.46293743,117193231.339375,1272.55
2024-08-21,118213231.33937499,110712804.46293741,118213231.33937499,1284.05
2024-08-22,118417231.339375,110904804.46293743,118417231.339375,1282.78
2024-08-23,118621231.339375,111096804.46293743,118621231.339375,1285.32
2024-08-26,118519231.339375,111000804.46293743,118519231.339375,1280.02
2024-08-27,118723231.339375,111192804.46293743,118723231.339375,1280.56
2024-08-28,118876231.339375,111336804.46293743,118876231.339375,1281.44
2024-08-29,119182231.339375,111624804.46293743,119182231.339375,1281.47
2024-08-30,119641231.339375,112056804.46293743,119641231.339375,1283.87
2024-09-04,118213231.33937499,110712804.46293741,118213231.33937499,1275.8
2024-09-05,117703231.339375,110232804.46293743,117703231.339375,1268.21
2024-09-06,117856231.33937502,110429790.76293743,117856231.33937502,1273.96
2024-09-09,117499231.339375,110017943.75793743,117499231.339375,1267.73
2024-09-10,116989231.339375,109537943.75793743,116989231.339375,1255.23
2024-09-11,116785231.339375,109210528.03293742,116785231.339375,1253.27
2024-09-12,116836231.339375,109210528.03293742,116836231.339375,1256.35
2024-09-13,116275231.339375,108103107.57043743,116275231.339375,1251.71
2024-09-16,115918231.339375,107774107.57043743,115918231.339375,1239.26
2024-09-17,117346231.339375,107315895.10287493,117346231.339375,1258.95
2024-09-18,117958231.339375,107657852.69162494,117958231.339375,1264.9
2024-09-19,118264231.339375,107933852.69162494,118264231.339375,1271.27
2024-09-20,119284231.339375,108853852.69162494,119284231.339375,1272.04
2024-09-23,118825231.339375,108439852.69162494,118825231.339375,1268.48
2024-09-24,119692231.339375,109221852.69162494,119692231.339375,1276.99
2024-09-25,120610231.339375,110049852.69162494,120610231.339375,1287.48
2024-09-26,121834231.339375,111153852.69162494,121834231.339375,1291.49
2024-09-27,121732231.339375,111061852.69162494,121732231.339375,1290.92
2024-09-30,121579231.339375,110923852.69162494,121579231.339375,1287.94
2024-10-01,122395231.339375,111659852.69162494,122395231.339375,1292.2
2024-10-02,122242231.339375,111521852.69162494,122242231.339375,1287.84
2024-10-03,121732231.339375,111061852.69162494,121732231.339375,1278.1
2024-10-04,120202231.339375,109681852.69162494,120202231.339375,1270.6
2024-10-07,120355231.339375,109819852.69162494,120355231.339375,1269.93
2024-10-08,120814231.339375,110233852.69162494,120814231.339375,1271.98
2024-10-09,121936231.339375,111245852.69162494,121936231.339375,1281.85
2024-10-10,122344231.339375,111613852.69162494,122344231.339375,1286.36
2024-10-11,122497231.33937499,111751852.69162492,122497231.33937499,1288.39
2024-10-14,122191231.339375,111475852.69162494,122191231.339375,1286.34
2024-10-15,121936231.339375,111245852.69162494,121936231.339375,1281.08
2024-10-16,121834231.339375,111153852.69162494,121834231.339375,1279.48
2024-10-17,122242231.339375,111521852.69162494,122242231.339375,1286.52
2024-10-18,123007231.339375,112211852.69162494,123007231.339375,1285.46
2024-10-21,121834231.339375,111153852.69162494,121834231.339375,1279.77
2024-10-22,121732231.339375,111469045.74962494,121732231.339375,1269.89
2024-10-23,121426231.339375,111469045.74962494,121426231.339375,1270.9
2024-10-24,119743231.339375,111469045.74962494,119743231.339375,1257.41
2024-10-25,119845231.339375,111469045.74962494,119845231.339375,1252.72
2024-10-28,119182231.339375,111469045.74962494,119182231.339375,1254.77
2024-10-29,119845231.339375,111469045.74962494,119845231.339375,1261.78
2024-10-30,120049231.339375,111469045.74962494,120049231.339375,1258.63
2024-10-31,120457231.339375,111469045.74962494,120457231.339375,1264.48
2024-11-01,119437231.339375,111469045.74962494,119437231.339375,1254.89
2024-11-04,118264231.339375,111469045.74962494,118264231.339375,1244.71
2024-11-05,118264231.339375,111469045.74962494,118264231.339375,1245.76
2024-11-06,119947231.33937499,111469045.74962494,119947231.33937499,1261.28
2024-11-07,119641231.339375,111469045.74962494,119641231.339375,1259.75
2024-11-08,118468231.339375,111469045.74962494,118468231.339375,1252.56
2024-11-11,118264231.339375,111469045.74962494,118264231.339375,1250.32
2024-11-12,117754231.339375,111469045.74962494,117754231.339375,1244.82
2024-11-13,117907231.339375,111469045.74962494,117907231.339375,1246.04
2024-11-14,116989231.339375,111469045.74962494,116989231.339375,1231.89
2024-11-15,114949231.339375,111469045.74962494,114949231.339375,1218.57
2024-11-18,115612231.339375,111469045.74962494,115612231.339375,1217.12
2024-11-19,114439231.339375,111469045.74962494,114439231.339375,1205.15
2024-11-20,113827231.339375,111469045.74962494,113827231.339375,1216.54
2024-11-21,115714231.339375,111469045.74962494,115714231.339375,1228.33
2024-11-22,115714231.339375,111469045.74962494,115714231.339375,1228.1
2024-11-25,116122231.33937499,111469045.74962494,116122231.33937499,1234.7
2024-11-26,116836231.339375,111469045.74962494,116836231.339375,1242.13
2024-11-27,116887231.339375,111469045.74962494,116887231.339375,1241.97
2024-11-28,116734231.339375,111469045.74962494,116734231.339375,1242.11
2024-11-29,117856231.33937502,111469045.74962494,117856231.33937502,1250.46
2024-12-02,117448231.339375,111469045.74962494,117448231.339375,1251.21
2024-12-03,117703231.339375,111469045.74962494,117703231.339375,1249.83
2024-12-04,117142231.339375,111469045.74962494,117142231.339375,1240.41
2024-12-05,120049231.339375,111469045.74962494,120049231.339375,1267.53
2024-12-06,120049231.339375,111469045.74962494,120049231.339375,1270.14
2024-12-09,120049231.339375,111469045.74962494,120049231.339375,1273.84
2024-12-10,120100231.339375,111469045.74962494,120100231.339375,1272.07
2024-12-11,120253231.339375,111469045.74962494,120253231.339375,1268.86
2024-12-12,120406231.33937502,111469045.74962494,120406231.33937502,1267.35
2024-12-13,119845231.339375,111469045.74962494,119845231.339375,1262.57
2024-12-16,119641231.339375,111469045.74962494,119641231.339375,1263.79
2024-12-17,119386231.339375,111469045.74962494,119386231.339375,1261.72
2024-12-18,120049231.339375,111469045.74962494,120049231.339375,1266.0
2024-12-19,118519231.339375,111469045.74962494,118519231.339375,1254.67
2024-12-20,118570231.339375,111469045.74962494,118570231.339375,1257.5
2024-12-23,118927231.339375,111469045.74962494,118927231.339375,1262.76
2024-12-24,118723231.339375,111469045.74962494,118723231.339375,1260.36
2024-12-25,120508231.339375,111469045.74962494,120508231.339375,1274.04
2024-12-26,120559231.339375,111469045.74962494,120559231.339375,1272.87
2024-12-27,121120231.339375,111469045.74962494,121120231.339375,1275.14
2024-12-30,120661231.339375,111469045.74962494,120661231.339375,1272.02
2024-12-31,120712231.339375,111469045.74962494,120712231.339375,1266.78
2025-01-02,120814231.339375,111469045.74962494,120814231.339375,1269.71
2025-01-03,119182231.339375,111469045.74962494,119182231.339375,1254.59
2025-01-06,118417231.339375,111469045.74962494,118417231.339375,1246.35
2025-01-07,118366231.339375,111469045.74962494,118366231.339375,1246.95
2025-01-08,118315231.33937502,111469045.74962494,118315231.33937502,1251.02
2025-01-09,118264231.339375,111469045.74962494,118264231.339375,1245.77
2025-01-10,116632231.339375,111469045.74962494,116632231.339375,1230.48
2025-01-13,116734231.339375,111469045.74962494,116734231.339375,1235.65
2025-01-14,116224231.339375,111469045.74962494,116224231.339375,1229.07
2025-01-15,116938231.33937499,111469045.74962494,116938231.33937499,1236.18
2025-01-16,117091231.339375,111469045.74962494,117091231.339375,1242.36
2025-01-17,117907231.339375,111469045.74962494,117907231.339375,1249.11
2025-01-20,118264231.339375,111469045.74962494,118264231.339375,1249.55
2025-01-21,118570231.339375,111469045.74962494,118570231.339375,1246.09
2025-01-22,117754231.339375,111469045.74962494,117754231.339375,1242.53
2025-01-23,119743231.339375,111469045.74962494,119743231.339375,1259.63
2025-01-24,120304231.339375,111469045.74962494,120304231.339375,1265.05
2025-02-03,118162231.339375,111469045.74962494,118162231.339375,1253.03
2025-02-04,119284231.339375,111469045.74962494,119284231.339375,1264.68
2025-02-05,119590231.33937502,111469045.74962494,119590231.33937502,1269.61
2025-02-06,120049231.339375,111469045.74962494,120049231.339375,1271.48
2025-02-07,120406231.33937502,111469045.74962494,120406231.33937502,1275.2
2025-02-10,119794231.339375,111469045.74962494,119794231.339375,1263.26
2025-02-11,119998231.339375,111469045.74962494,119998231.339375,1268.45
2025-02-12,120049231.339375,111469045.74962494,120049231.339375,1266.91
2025-02-13,120151231.339375,111469045.74962494,120151231.339375,1270.35
2025-02-14,120355231.339375,111469045.74962494,120355231.339375,1276.08
2025-02-17,119998231.339375,111469045.74962494,119998231.339375,1272.72
2025-02-18,120304231.339375,111469045.74962494,120304231.339375,1278.14
2025-02-19,120712231.339375,111469045.74962494,120712231.339375,1288.56
2025-02-20,121018231.339375,111469045.74962494,121018231.339375,1292.98
2025-02-21,121324231.339375,111529666.02649994,121324231.339375,1296.75
2025-02-24,122344231.339375,112469666.02649994,122344231.339375,1304.56
2025-02-25,122140231.33937502,112134274.79024996,122140231.33937502,1303.16
2025-02-26,122293231.339375,112134274.79024996,122293231.339375,1302.96
2025-02-27,122140231.33937502,111816638.00962496,122140231.33937502,1307.8
2025-02-28,122038231.33937499,111722638.00962493,122038231.33937499,1305.36
2025-03-03,122140231.33937502,111816638.00962496,122140231.33937502,1309.37
2025-03-04,122497231.33937499,112145638.00962493,122497231.33937499,1311.91
2025-03-05,122752231.339375,112380638.00962494,122752231.339375,1304.71
2025-03-06,123670231.339375,113226638.00962494,123670231.339375,1318.22
2025-03-07,124129231.339375,113649638.00962494,124129231.339375,1326.05
2025-03-10,124894231.339375,114354638.00962494,124894231.339375,1330.28
2025-03-11,124792231.339375,114260638.00962494,124792231.339375,1332.54
2025-03-12,124996231.339375,114448638.00962494,124996231.339375,1334.41
2025-03-13,124588231.33937499,114072638.00962493,124588231.33937499,1326.27
2025-03-14,124588231.33937499,114072638.00962493,124588231.33937499,1326.15
2025-03-17,125200231.339375,114636638.00962494,125200231.339375,1336.26
2025-03-18,124843231.339375,114307638.00962494,124843231.339375,1330.97
2025-03-19,123925231.339375,113461638.00962494,123925231.339375,1324.63
2025-03-20,123874231.339375,113414638.00962494,123874231.339375,1323.93
2025-03-21,123568231.339375,113132638.00962494,123568231.339375,1321.88
2025-03-24,124690231.33937502,114166638.00962496,124690231.33937502,1330.32
2025-03-25,125047231.33937499,114495638.00962493,125047231.33937499,1331.92
2025-03-26,124588231.33937499,114072638.00962493,124588231.33937499,1326.09
2025-03-27,124129231.339375,113649638.00962494,124129231.339375,1323.81
2025-03-28,124129231.339375,113649638.00962494,124129231.339375,1317.46
2025-03-31,122446231.339375,112098638.00962494,122446231.339375,1306.86
2025-04-01,122395231.339375,111762964.93199995,122395231.339375,1317.33
2025-04-02,123364231.339375,112417810.25137496,123364231.339375,1317.83
2025-04-03,114847231.33937499,104735810.25137495,114847231.33937499,1229.84
2025-04-04,114847231.33937499,100391966.75699997,114847231.33937499,1210.67
2025-04-08,106891231.339375,100391966.75699997,106891231.339375,1132.79
2025-04-09,106228231.339375,100391966.75699997,106228231.339375,1094.3
2025-04-10,113572231.33937499,100391966.75699997,113572231.33937499,1168.34
2025-04-11,117244231.339375,100391966.75699997,117244231.339375,1222.46
2025-04-14,118978231.339375,100391966.75699997,118978231.339375,1241.44
2025-04-15,117244231.339375,100391966.75699997,117244231.339375,1227.79
2025-04-16,115714231.339375,100391966.75699997,115714231.339375,1210.3
2025-04-17,116173231.339375,100391966.75699997,116173231.339375,1217.25
2025-04-18,117040231.33937502,100391966.75699997,117040231.33937502,1219.12
2025-04-21,116428231.339375,100391966.75699997,116428231.339375,1207.07
2025-04-22,115459231.339375,100391966.75699997,115459231.339375,1197.13
2025-04-23,116224231.339375,100391966.75699997,116224231.339375,1211.0
2025-04-24,116479231.339375,100391966.75699997,116479231.339375,1223.35
2025-04-25,117244231.339375,100391966.75699997,117244231.339375,1229.23
2025-04-28,117499231.339375,100391966.75699997,117499231.339375,1226.8
2025-04-29,117703231.339375,100391966.75699997,117703231.339375,1226.3
2025-05-05,117353211.33643752,100391966.75699997,117346231.339375,1240.05
2025-05-06,117353211.33643752,100391966.75699997,118264231.339375,1241.95
2025-05-07,117353211.33643752,100391966.75699997,118876231.339375,1250.37
2025-05-08,117353211.33643752,100391966.75699997,119794231.339375,1269.8
2025-05-09,117353211.33643752,100391966.75699997,120814231.339375,1267.3
2025-05-12,117353211.33643752,100391966.75699997,122599231.339375,1283.26
2025-05-13,117353211.33643752,100391966.75699997,123364231.339375,1293.43
2025-05-14,117353211.33643752,100391966.75699997,124588231.33937499,1309.73
2025-05-15,117353211.33643752,100391966.75699997,125506231.33937502,1313.2
2025-05-16,117353211.33643752,100391966.75699997,124537231.339375,1301.39
2025-05-19,117353211.33643752,100391966.75699997,124537231.339375,1296.29
2025-05-20,117353211.33643752,100391966.75699997,126016231.339375,1315.15
2025-05-21,117353211.33643752,100391966.75699997,127189231.339375,1323.05
2025-05-22,117353211.33643752,100391966.75699997,126832231.339375,1313.84
2025-05-23,117353211.33643752,100391966.75699997,127189231.339375,1314.46
2025-05-26,117353211.33643752,100391966.75699997,126934231.339375,1332.51
2025-05-27,117353211.33643752,100391966.75699997,127240231.33937502,1339.81
2025-05-28,117353211.33643752,100391966.75699997,126934231.339375,1341.87
2025-05-29,117353211.33643752,100391966.75699997,129943231.339375,1341.86
2025-05-30,117353211.33643752,100391966.75699997,127444231.339375,1332.6
2025-06-02,116978982.06143753,100391966.75699997,127291231.339375,1336.3
2025-06-03,118059982.06143753,100391966.75699997,128464231.339375,1347.25
2025-06-04,118623982.06143753,100391966.75699997,129076231.339375,1345.74
2025-06-05,118059982.06143753,100391966.75699997,128464231.339375,1342.09
2025-06-06,117589982.06143753,100391966.75699997,127954231.339375,1329.89
2025-06-09,116884982.06143753,100391966.75699997,127189231.339375,1310.57
2025-06-10,116931982.06143755,100391966.75699997,127240231.33937502,1316.23
2025-06-11,116508982.06143755,100391966.75699997,126781231.33937502,1315.2
2025-06-12,117589982.06143753,100391966.75699997,127954231.339375,1322.99
2025-06-13,116555982.06143753,100391966.75699997,126832231.339375,1315.49
2025-06-16,117025982.06143753,100391966.75699997,127342231.339375,1338.11
2025-06-17,118294982.06143753,101193473.75699997,128719231.339375,1347.69
2025-06-18,118200982.06143753,101113473.75699997,128617231.339375,1346.83
2025-06-19,118200982.06143753,101113473.75699997,128617231.339375,1352.04
2025-06-20,118764982.06143753,100893042.84449996,129229231.339375,1349.35
2025-06-23,118623982.06143753,100893042.84449996,129076231.339375,1358.18
2025-06-24,120409982.06143753,100893042.84449996,131014231.339375,1366.77
2025-06-25,119939982.06143753,100304049.61012495,130504231.339375,1366.75
2025-06-26,120174982.06143753,100499049.61012495,130759231.339375,1365.67
2025-06-27,121443982.06143753,101552049.61012495,132136231.339375,1371.44
2025-06-30,122101982.06143753,102098049.61012495,132850231.339375,1376.07
2025-07-01,120785982.06143752,101006049.61012495,131422231.33937499,1377.84
2025-07-02,121866982.06143753,101903049.61012495,132595231.339375,1384.59
2025-07-03,122054982.06143753,102059049.61012495,132799231.339375,1381.96
2025-07-04,122054982.06143753,102059049.61012495,132799231.339375,1386.97
2025-07-07,124169982.06143753,103814049.61012495,135094231.33937502,1402.06
2025-07-08,124968982.06143753,104477049.61012495,135961231.33937502,1415.46
2025-07-09,126331982.06143755,105608049.61012495,137440231.33937502,1431.32
2025-07-10,128211982.06143753,107168049.61012495,139480231.33937502,1445.64
2025-07-11,131266982.06143753,109703049.61012495,142795231.33937502,1457.76
2025-07-14,131219982.06143753,109664049.61012495,142744231.33937502,1470.42
2025-07-15,130937982.06143752,109430049.61012495,142438231.33937502,1460.65
2025-07-16,132018982.06143753,110327049.61012495,143611231.33937502,1475.47
2025-07-17,134086982.06143753,112043049.61012495,145855231.33937502,1490.01
2025-07-18,135026982.06143755,112823049.61012495,146875231.33937502,1497.28
2025-07-21,135214982.06143755,112979049.61012495,147079231.33937502,1485.05
2025-07-22,136154982.06143755,113759049.61012495,148099231.33937502,1509.54
2025-07-23,136389982.06143755,113954049.61012495,148354231.33937502,1512.31
2025-07-24,136389982.06143755,113954049.61012495,148354231.33937502,1521.02
2025-07-25,137470982.06143755,114851049.61012495,149527231.33937502,1531.13
2025-07-28,140149982.06143755,117074049.61012495,152434231.33937502,1557.42
2025-07-29,135919982.06143755,113564049.61012495,147844231.33937502,1493.41
2025-07-30,135872982.06143755,113525049.61012495,147793231.33937502,1507.63
2025-07-31,134462982.06143755,112355049.61012495,146263231.33937502,1502.52
2025-08-01,133569982.06143753,111614049.61012495,145294231.33937502,1495.21
2025-08-04,138269982.06143755,115514049.61012495,150394231.33937502,1528.19
2025-08-05,140619982.06143755,117464049.61012495,152944231.33937502,1547.15
2025-08-06,142123982.06143755,118712049.61012495,154576231.33937502,1573.71
2025-08-07,143674982.06143755,119999049.61012495,156259231.33937502,1581.81
2025-08-08,143439982.06143755,119804049.61012495,156004231.33937502,1584.95
2025-08-11,143533982.06143755,119882049.61012495,156106231.33937502,1596.86
2025-08-12,144614982.06143755,120779049.61012495,157279231.33937502,1608.22
2025-08-13,145319982.06143755,121364049.61012495,158044231.33937502,1611.6
2025-08-14,146917982.06143755,122690049.61012495,159778231.33937502,1640.69
2025-08-15,148609982.06143755,124094049.61012495,161614231.33937502,1630.0
2025-08-18,148139982.06143755,123704049.61012495,161104231.33937502,1636.37
2025-08-19,149126982.06143755,124523049.61012495,162175231.33937502,1654.2
2025-08-20,150724982.06143755,125849049.61012495,163909231.33937502,1664.36
2025-08-21,154155982.06143755,128696049.61012495,167632231.33937502,1688.0
2025-08-22,151664982.06143755,126629049.61012495,164929231.33937502,1645.47
2025-08-25,149784982.06143755,125069049.61012495,162889231.33937502,1614.03
2025-08-26,153027982.06143755,127760049.61012493,166408231.33937502,1667.63
2025-08-27,154531982.06143755,129008049.61012493,168040231.33937502,1672.78
2025-08-28,154719982.06143755,129164049.61012493,168244231.33937502,1680.86
2025-08-29,155189982.06143755,129554049.61012495,168754231.33937502,1682.21
2025-09-03,155095982.06143755,129476049.61012496,168652231.33937502,1681.3
2025-09-04,156928982.06143755,130997049.61012496,170641231.33937502,1696.29
2025-09-05,155189982.06143755,129554049.61012495,168754231.33937502,1666.97
2025-09-08,152275982.06143755,127136049.61012495,165592231.33937502,1624.53
2025-09-09,152275982.06143755,127136049.61012495,165592231.33937502,1637.32
2025-09-10,152745982.06143755,127526049.61012496,166102231.33937502,1643.26
2025-09-11,154719982.06143755,129164049.61012493,168244231.33937502,1657.75
2025-09-12,155048982.06143755,129437049.61012493,168601231.33937502,1667.26
2025-09-15,156082982.06143755,130295049.61012496,169723231.33937502,1684.9
2025-09-16,156364982.06143755,130529049.61012495,170029231.33937502,1680.9
2025-09-17,156740982.0614375,130841049.61012493,170437231.33937496,1670.97
2025-09-18,155189982.06143755,129554049.61012495,168754231.33937502,1665.18
2025-09-19,155612982.06143755,129905049.61012496,169213231.33937502,1658.62
2025-09-22,151899982.06143755,126824049.61012496,165184231.33937502,1634.45
2025-09-23,151758982.06143755,126707049.61012495,165031231.33937502,1635.26
2025-09-24,153309982.06143755,127994049.61012495,166714231.33937502,1657.46
2025-09-25,154155982.06143755,128696049.61012495,167632231.33937502,1666.09
2025-09-26,152839982.06143755,127604049.61012495,166204231.33937502,1660.7
2025-09-29,154719982.06143755,129164049.61012493,168244231.33937502,1666.48
2025-09-30,156082982.06143755,130295049.61012496,169723231.33937502,1661.7
2025-10-01,155659982.06143755,129944049.61012495,169264231.33937502,1665.05
2025-10-02,154719982.06143755,129164049.61012493,168244231.33937502,1652.71
2025-10-03,155095982.06143755,129476049.61012496,168652231.33937502,1645.82
2025-10-06,160124982.06143755,133649049.61012495,174109231.33937502,1695.5
2025-10-07,159795982.06143755,133376049.61012495,173752231.33937502,1685.3
2025-10-08,160547982.06143755,134000049.61012495,174568231.33937502,1697.83
2025-10-09,161299982.06143755,134624049.61012495,175384231.33937502,1716.47
2025-10-10,164166982.06143755,137003049.61012495,178495231.33937502,1747.55
2025-10-13,166704982.06143755,139109049.61012495,181249231.33937502,1765.12
2025-10-14,167362982.06143755,139655049.61012495,181963231.33937502,1761.06
2025-10-15,166469982.06143755,138914049.61012495,180994231.33937502,1757.95
2025-10-16,167879982.06143755,140084049.61012495,182524231.33937502,1766.85
2025-10-17,164589982.06143755,137354049.61012495,178954231.33937502,1731.19
2025-10-20,160359982.06143755,133844049.61012495,174364231.33937502,1636.43
2025-10-21,159419982.06143755,133064049.61012495,173344231.33937502,1663.43
2025-10-22,160359982.06143755,133844049.61012495,174364231.33937502,1678.5
2025-10-23,162803982.06143755,135872049.61012495,177016231.33937502,1687.06
2025-10-24,162004982.06143755,135209049.61012495,176149231.33937502,1683.18
2025-10-27,159889982.06143755,133454049.61012495,173854231.33937502,1652.54
2025-10-28,162239982.06143755,135404049.61012495,176404231.33937502,1680.5
2025-10-29,162944982.06143755,135989049.61012495,177169231.33937502,1685.83
2025-10-30,162333982.06143755,135482049.61012495,176506231.33937502,1669.57
2025-10-31,160970982.06143755,134351049.61012495,175027231.33937502,1639.65
2025-11-03,156599982.06143755,130724049.61012496,170284231.33937502,1617.0
2025-11-04,160218982.06143755,133727049.61012495,174211231.33937502,1651.98
2025-11-05,157069982.06143755,131114049.61012493,170794231.33937502,1654.89
2025-11-06,156505982.06143755,130646049.61012495,170182231.33937502,1642.64
2025-11-07,152839982.06143755,127604049.61012495,166204231.33937502,1599.1
2025-11-10,151852982.06143755,126785049.61012493,165133231.33937502,1580.54
2025-11-11,152510982.06143755,127331049.61012495,165847231.33937502,1593.61
2025-11-12,156364982.06143755,130529049.61012495,170029231.33937502,1631.86
2025-11-13,154954982.06143755,129359049.61012495,168499231.33937502,1631.44
2025-11-14,155659982.06143755,129944049.61012495,169264231.33937502,1635.46
2025-11-17,157445982.06143755,131426049.61012496,171202231.33937502,1654.42
2025-11-18,158244982.06143755,132089049.61012493,172069231.33937502,1659.92
2025-11-19,156834982.06143755,130919049.61012495,170539231.33937502,1649.0
2025-11-20,157069982.06143755,131114049.61012493,170794231.33937502,1655.99
2025-11-21,158479982.06143755,132284049.61012495,172324231.33937502,1654.93
2025-11-24,159278982.06143755,132947049.61012495,173191231.33937502,1667.98
2025-11-25,159795982.06143755,133376049.61012495,173752231.33937502,1660.36
2025-11-26,160594982.06143755,134039049.61012495,174619231.33937502,1680.36
2025-11-27,160124982.06143755,133649049.61012495,174109231.33937502,1684.32
2025-11-28,159278982.06143755,132947049.61012495,173191231.33937502,1690.99
2025-12-01,160829982.06143755,134234049.61012495,174874231.33937502,1701.67
2025-12-02,162239982.06143755,135404049.61012495,176404231.33937502,1717.06
2025-12-03,164824982.06143755,137549049.61012495,179209231.33937502,1731.77
2025-12-04,165059982.06143755,137744049.61012495,179464231.33937502,1737.24
2025-12-05,165012982.06143755,137705049.61012495,179413231.33937502,1741.32
2025-12-08,165294982.06143755,137939049.61012495,179719231.33937502,1753.74
2025-12-09,165576982.06143755,138173049.61012495,180025231.33937502,1747.17
2025-12-10,162239982.06143755,135404049.61012495,176404231.33937502,1718.98
2025-12-11,161675982.06143755,134936049.61012495,175792231.33937502,1698.9
2025-12-12,157351982.06143755,131348049.61012495,171100231.33937502,1646.89
2025-12-15,157257982.06143755,131113489.42387494,170998231.33937502,1646.01
2025-12-16,159795982.06143755,131113489.42387494,173752231.33937502,1679.18
2025-12-17,158479982.06143755,129791880.72637494,172324231.33937502,1673.66
2025-12-18,158949982.06143755,130171880.72637495,172834231.33937502,1676.98
2025-12-19,160359982.06143755,131311880.72637494,174364231.33937502,1704.31
2025-12-22,165952982.06143755,135833880.72637492,180433231.33937502,1751.03
2025-12-23,168255982.06143755,137695880.72637492,182932231.33937502,1772.15
2025-12-24,168255982.06143755,137695880.72637492,182932231.33937502,1782.82
2025-12-25,165999982.06143755,135871880.72637492,180484231.33937502,1742.85
2025-12-26,167362982.06143755,136973880.72637492,181963231.33937502,1729.8
2025-12-29,166939982.06143755,136631880.72637492,181504231.33937502,1754.84
2025-12-30,168631982.06143755,137999880.72637492,183340231.33937502,1766.9
2025-12-31,170182982.06143755,139253880.72637492,185023231.33937502,1784.49
2026-01-05,169759982.06143755,138911880.72637492,184564231.33937502,1788.4
2026-01-06,172109982.06143755,140811880.72637492,187114231.33937502,1816.27
2026-01-07,174459982.06143755,140396014.78262496,189664231.33937502,1861.58
2026-01-08,174224982.06143755,139937086.43887496,189409231.33937502,1855.56
2026-01-09,174177982.06143755,139900086.43887496,189358231.33937502,1867.9
2026-01-12,173989982.06143755,139490283.08299994,189154231.33937502,1877.33
2026-01-13,174600982.06143755,139735169.12081245,189817231.33937502,1902.93
2026-01-14,173049982.06143755,138514169.12081245,188134231.33937502,1894.44
2026-01-15,171169982.06143755,137034169.12081245,186094231.33937502,1864.8
2026-01-16,173848982.06143755,139143169.12081245,189001231.33937502,1879.13
2026-01-19,174459982.06143755,139624169.12081245,189664231.33937502,1896.59
2026-01-20,173519982.06143755,138884169.12081245,188644231.33937502,1893.78
2026-01-21,173519982.06143755,138884169.12081245,188644231.33937502,1885.44
2026-01-22,173519982.06143755,138884169.12081245,188644231.33937502,1882.73
2026-01-23,173754982.06143755,139069169.12081245,188899231.33937502,1870.79
2026-01-26,170934982.06143755,136849169.12081245,185839231.33937502,1843.72
2026-01-27,169289982.06143755,136483909.51918745,184054231.33937502,1830.5
2026-01-28,168490982.0614375,136483909.51918745,183187231.33937496,1802.91
2026-01-29,168819982.06143755,136483909.51918745,183544231.33937502,1814.98
2026-01-30,169336982.0614375,136483909.51918745,184105231.33937496,1829.04
2026-02-02,172250982.06143755,136483909.51918745,187267231.33937502,1806.5
2026-02-03,169618982.06143755,136483909.51918745,184411231.33937502,1813.4
2026-02-04,168349982.06143755,135144458.67887494,183034231.33937502,1791.43
2026-02-05,166422982.06143755,133627458.67887494,180943231.33937502,1782.56
2026-02-06,164918982.06143755,133235960.02081242,179311231.33937502,1755.49
2026-02-09,162944982.06143755,133235960.02081242,177169231.33937502,1754.82
2026-02-10,163931982.06143755,133235960.02081242,178240231.33937502,1754.03
2026-02-11,167127982.06143755,133235960.02081242,181708231.33937502,1796.85
2026-02-12,169054982.06143755,133235960.02081242,183799231.33937502,1814.09
2026-02-13,169759982.06143755,133235960.02081242,184564231.33937502,1824.09
2026-02-23,170229982.06143755,133235960.02081242,185074231.33937502,1860.14
2026-02-24,170511982.0614375,130306155.48331241,185380231.33937496,1867.62
2026-02-25,170699982.06143755,130450155.48331244,185584231.33937502,1860.91
2026-02-26,172297982.06143755,131674155.48331243,187318231.33937502,1879.64
2026-02-27,171639982.06143755,131170155.48331243,186604231.33937502,1880.33
2026-03-02,168349982.06143755,128650155.48331244,183034231.33937502,1846.1
2026-03-03,164448982.06143755,125662155.48331241,178801231.33937502,1813.14
2026-03-04,163132982.06143755,125249879.25781243,177373231.33937502,1818.27
2026-03-05,164542982.06143755,125249879.25781243,178903231.33937502,1808.51
2026-03-06,160829982.06143755,125249879.25781243,174874231.33937502,1767.84
2026-03-09,154719982.06143755,125249879.25781243,168244231.33937502,1652.79
2026-03-10,159842982.06143755,125249879.25781243,173803231.33937502,1676.73
2026-03-11,160312982.06143755,125249879.25781243,174313231.33937502,1728.34
2026-03-12,155189982.06143755,125249879.25781243,168754231.33937502,1709.61
2026-03-13,155142982.06143755,125249879.25781243,168703231.33937502,1696.24
2026-03-16,155095982.06143755,125249879.25781243,168652231.33937502,1693.21
2026-03-17,156740982.0614375,125249879.25781243,170437231.33937496,1710.29
2026-03-18,156834982.06143755,125249879.25781243,170539231.33937502,1713.83
2026-03-19,154719982.06143755,125249879.25781243,168244231.33937502,1699.13
2026-03-20,150865982.06143755,125249879.25781243,164062231.33937502,1647.81
2026-03-23,146917982.06143755,125249879.25781243,159778231.33937502,1591.17
2026-03-24,147810982.06143755,125249879.25781243,160747231.33937502,1614.77
2026-03-25,151758982.06143755,125249879.25781243,165031231.33937502,1658.19
2026-03-26,150019982.06143755,125249879.25781243,163144231.33937502,1644.63
2026-03-27,152416982.06143755,125249879.25781243,165745231.33937502,1672.8
2026-03-30,150959982.06143755,125249879.25781243,164164231.33937502,1662.54
2026-03-31,153027982.06143755,125249879.25781243,166408231.33937502,1674.49
2026-04-01,155194943.7926876,125249879.25781243,168856231.33937502,1702.93
2026-04-02,155194943.7926876,125249879.25781243,168754231.33937502,1694.82
2026-04-03,155194943.7926876,125249879.25781243,167734231.33937502,1684.04
2026-04-06,155194943.7926876,125249879.25781243,166204231.33937502,1674.99
2026-04-07,155194943.7926876,125249879.25781243,167683231.33937502,1677.54
2026-04-08,155194943.7926876,125249879.25781243,179260231.33937502,1756.55
2026-04-09,155194943.7926876,125249879.25781243,174874231.33937502,1736.68
2026-04-10,155194943.7926876,125249879.25781243,175384231.33937502,1750.0
2026-04-13,155194943.7926876,125249879.25781243,174619231.33937502,1758.96
2026-04-14,155194943.7926876,125249879.25781243,176302231.33937502,1775.65
2026-04-15,155194943.7926876,125249879.25781243,177628231.33937502,1800.65
2026-04-16,155194943.7926876,125249879.25781243,178954231.33937502,1819.83
2026-04-17,155194943.7926876,125249879.25781243,179464231.33937502,1817.17
2026-04-20,155194943.7926876,125249879.25781243,181147231.33937502,1837.11
2026-04-21,155194943.7926876,125249879.25781243,181657231.33937502,1833.48
2026-04-22,155194943.7926876,125249879.25781243,182014231.33937502,1857.3
2026-04-23,155194943.7926876,125249879.25781243,184411231.33937502,1870.36
2026-04-24,155194943.7926876,125249879.25781243,183391231.33937502,1853.29
2026-04-28,155194943.7926876,125249879.25781243,183544231.33937502,1875.84
2026-04-29,155194943.7926876,125249879.25781243,183901231.33937502,1854.1
2026-05-04,154843231.15143758,125249879.25781243,183901231.33937502,1854.06
2026-05-05,155402231.15143758,125249879.25781243,184564231.33937502,1874.85
2026-05-06,156563231.15143758,125249879.25781243,185941231.33937502,1891.2
2026-05-07,158369231.15143758,125249879.25781243,188083231.33937502,1909.01
2026-05-08,158326231.15143758,125249879.25781243,188032231.33937502,1915.37
2026-05-11,156520231.15143758,125249879.25781243,185890231.33937502,1895.5
2026-05-12,156907231.15143758,125249879.25781243,186349231.33937502,1901.1
2026-05-13,156907231.15143758,125249879.25781243,186349231.33937502,1898.37
2026-05-14,158326231.15143758,125249879.25781243,188032231.33937502,1925.46
2026-05-15,157638231.15143758,125249879.25781243,187216231.33937502,1921.6
2026-05-18,157208231.15143758,125249879.25781243,186706231.33937502,1927.94
2026-05-19,156133231.15143758,125249879.25781243,185431231.33937502,1912.93
2026-05-20,155101231.15143758,125249879.25781243,184207231.33937502,1913.23
2026-05-21,155402231.15143758,125249879.25781243,184564231.33937502,1896.89
2026-05-22,154628231.15143758,125249879.25781243,183646231.33937502,1877.13
2026-05-25,154929231.15143758,125249879.25781243,184003231.33937502,1886.03
2026-05-26,155574231.15143758,125249879.25781243,184768231.33937502,1884.18
2026-05-27,154972231.15143758,125249879.25781243,184054231.33937502,1874.43
2026-05-28,154499231.15143758,125249879.25781243,183493231.33937502,1863.67
2026-05-29,154327231.15143758,125249879.25781243,183289231.33937502,1863.49
2026-06-01,153682231.15143758,125249879.25781243,182524231.33937502,1844.54
2026-06-02,152779231.15143758,125249879.25781243,181453231.33937502,1826.47
2026-06-03,151661231.15143758,125249879.25781243,180127231.33937502,1819.01
2026-06-04,153209231.15143758,125249879.25781243,181963231.33937502,1831.55
2026-06-05,153209231.15143758,125249879.25781243,181963231.33937502,1838.9
2026-06-08,150844231.15143758,125249879.25781243,179158231.33937502,1790.53
2026-06-09,151016231.15143758,125249879.25781243,179362231.33937496,1793.05
2026-06-10,151102231.15143758,125249879.25781243,179464231.33937502,1803.71
2026-06-11,150887231.15143758,125249879.25781243,179209231.33937502,1798.61
2026-06-12,150844231.15143758,125249879.25781243,179158231.33937502,1791.65
2026-06-15,151532231.15143758,125249879.25781243,179974231.33937502,1799.31
2026-06-16,151747231.15143758,125249879.25781243,180229231.33937502,1807.94
2026-06-17,151016231.15143758,125249879.25781243,179362231.33937496,1806.2
2026-06-18,152521231.15143758,125249879.25781243,181147231.33937502,1830.47
2026-06-19,152392231.15143758,125249879.25781243,180994231.33937502,1824.53
2026-06-22,153123231.15143758,125249879.25781243,181861231.33937502,1857.91
2026-06-23,153252231.15143758,125249879.25781243,182014231.33937502,1869.04
2026-06-24,154757231.15143758,125249879.25781243,183799231.33937502,1878.02
2026-06-25,154499231.15143758,125249879.25781243,183493231.33937502,1863.07
2026-06-26,155402231.15143758,125249879.25781243,184564231.33937502,1871.91
2026-06-29,154843231.15143758,125249879.25781243,183901231.33937502,1854.97
2026-06-30,154843231.15143758,125249879.25781243,183901231.33937502,1860.01
2026-07-01,155746231.15143758,125249879.25781243,184972231.33937502,1867.21
2026-07-02,155402231.15143758,125249879.25781243,184564231.33937502,1866.35
2026-07-03,155359231.15143758,125249879.25781243,184513231.33937502,1862.08
2026-07-06,154327231.15143758,125249879.25781243,183289231.33937502,1843.5
2026-07-07,154413231.15143758,125249879.25781243,183391231.33937502,1848.25
2026-07-08,154542231.15143758,125249879.25781243,183544231.33937502,1853.7
2026-07-09,154284231.15143758,125249879.25781243,183238231.33937502,1840.7
2026-07-10,153553231.15143758,125249879.25781243,182371231.33937502,1828.34
2026-07-13,151059231.15143758,125249879.25781243,179413231.33937502,1800.54
2026-07-14,150801231.15143758,125249879.25781243,179107231.33937502,1806.63
2026-07-15,149726231.15143758,125249879.25781243,177832231.33937502,1782.12
2026-07-16,150457231.15143758,125249879.25781243,178699231.33937502,1804.24
2026-07-17,149683231.15143758,125249879.25781243,177781231.33937502,1787.45
2026-07-20,147232231.15143758,125249879.25781243,174874231.33937502,1743.51
2026-07-21,146802231.15143758,125249879.25781243,174364231.33937502,1730.56
2026-07-22,143362231.15143758,125249879.25781243,170284231.33937502,1668.53
2026-07-23,143577231.15143758,125249879.25781243,170539231.33937502,1699.38
2026-07-24,142502231.15143758,125249879.25781243,169264231.33937502,1686.11
2026-07-27,141169231.15143758,125249879.25781243,167683231.33937502,1669.01
2026-07-28,141986231.15143758,125249879.25781243,168652231.33937502,1680.62
2026-07-29,143835231.15143758,125249879.25781243,170845231.33937502,1704.68
2026-07-30,146802231.15143758,125249879.25781243,174364231.33937502,1744.66
2026-07-31,145512231.15143758,125249879.25781243,172834231.33937502,1735.78
2026-08-03,145249229.9773126,125249879.25781243,176404231.33937502,1762.84
2026-08-04,145249229.9773126,125249879.25781243,177067231.33937502,1777.23
2026-08-05,145249229.9773126,125249879.25781243,176404231.33937502,1776.46
2026-08-06,145249229.9773126,125249879.25781243,175843231.33937502,1764.78
2026-08-07,145249229.9773126,125249879.25781243,175639231.33937502,1768.06
2026-08-10,145249229.9773126,125249879.25781243,176863231.33937502,1776.77
2026-08-11,145249229.9773126,125249879.25781243,176914231.33937502,1773.41
2026-08-12,145249229.9773126,125249879.25781243,177985231.33937502,1793.18
2026-08-13,145249229.9773126,125249879.25781243,177118231.33937502,1765.63
2026-08-14,145249229.9773126,125249879.25781243,173854231.33937502,1729.08
2026-08-17,145249229.9773126,125249879.25781243,173344231.33937502,1727.46
2026-08-18,145249229.9773126,125249879.25781243,173344231.33937502,1732.02
2026-08-19,145249229.9773126,125249879.25781243,173242231.33937502,1726.69
2026-08-20,145249229.9773126,125249879.25781243,173344231.33937502,1734.24
2026-08-21,145249229.9773126,125249879.25781243,178189231.33937502,1768.12
2026-08-24,145249229.9773126,125249879.25781243,178699231.33937502,1788.78
2026-08-25,145249229.9773126,125249879.25781243,179158231.33937502,1791.41
2026-08-26,145249229.9773126,125249879.25781243,180943231.33937502,1821.32
2026-08-27,145249229.9773126,125249879.25781243,182014231.33937502,1831.56
2026-08-28,145249229.9773126,125249879.25781243,182881231.33937502,1832.12
2026-09-03,143524296.4773126,125249879.25781243,180688231.33937502,1827.72
2026-09-04,143924296.4773126,125249879.25781243,181198231.33937502,1853.08
2026-09-07,144164296.4773126,125249879.25781243,181504231.33937502,1821.64
2026-09-08,143564296.4773126,125249879.25781243,180739231.33937502,1830.44
2026-09-09,144124296.4773126,125249879.25781243,181453231.33937502,1827.12
2026-09-10,144364296.4773126,125249879.25781243,181759231.33937502,1829.23
2026-09-11,141964296.4773126,125249879.25781243,178699231.33937502,1795.21
2026-09-14,141764296.4773126,125249879.25781243,178444231.33937502,1788.23
2026-09-15,142564296.4773126,125249879.25781243,179464231.33937502,1811.15
2026-09-16,142564296.4773126,125249879.25781243,179464231.33937502,1810.11
2026-09-17,143964296.4773126,125249879.25781243,181249231.33937502,1822.77
2026-09-18,144564296.4773126,125249879.25781243,182014231.33937502,1815.66
2026-09-21,142124296.4773126,125249879.25781243,178903231.33937502,1799.67
2026-09-22,143364296.4773126,125249879.25781243,180484231.33937502,1816.93
2026-09-23,143284296.4773126,125249879.25781243,180382231.33937502,1801.65
2026-09-24,142284296.4773126,125249879.25781243,179107231.33937502,1775.09
2026-09-25,140964296.4773126,125249879.25781243,177424231.33937502,1785.11
2026-09-28,140484296.4773126,125249879.25781243,176812231.33937496,1780.68
