time,E1,E6,breadth
2023-10-02,True,True,0.84
2023-10-03,True,True,0.76
2023-10-04,True,True,0.78
2023-10-05,True,True,0.76
2023-10-06,True,True,0.76
2023-10-09,True,True,0.8
2023-10-10,True,True,0.8
2023-10-11,True,True,0.8
2023-10-12,True,True,0.82
2023-10-13,True,True,0.84
2023-10-16,True,True,0.8
2023-10-17,True,True,0.72
2023-10-18,True,True,0.66
2023-10-19,True,False,0.54
2023-10-20,True,True,0.72
2023-10-23,True,False,0.68
2023-10-24,True,False,0.72
2023-10-25,True,False,0.72
2023-10-26,True,False,0.5
2023-10-27,True,False,0.62
2023-10-30,True,False,0.46
2023-10-31,False,False,0.34
2023-11-01,False,False,0.48
2023-11-02,False,False,0.68
2023-11-03,False,False,0.66
2023-11-06,False,False,0.72
2023-11-07,False,False,0.68
2023-11-08,False,True,0.78
2023-11-09,False,True,0.78
2023-11-10,False,False,0.78
2023-11-13,False,False,0.76
2023-11-14,False,True,0.82
2023-11-15,False,True,0.82
2023-11-16,False,True,0.82
2023-11-17,False,False,0.8
2023-11-20,False,False,0.78
2023-11-21,False,False,0.78
2023-11-22,False,False,0.8
2023-11-23,False,False,0.72
2023-11-24,False,False,0.74
2023-11-27,False,False,0.7
2023-11-28,False,False,0.7
2023-11-29,False,False,0.7
2023-11-30,False,False,0.72
2023-12-01,False,False,0.78
2023-12-04,False,False,0.86
2023-12-05,False,False,0.84
2023-12-06,False,False,0.84
2023-12-07,False,False,0.86
2023-12-08,False,False,0.86
2023-12-11,False,False,0.82
2023-12-12,False,False,0.84
2023-12-13,False,False,0.8
2023-12-14,False,False,0.78
2023-12-15,False,False,0.76
2023-12-18,False,False,0.74
2023-12-19,False,False,0.76
2023-12-20,False,False,0.76
2023-12-21,False,False,0.76
2023-12-22,False,False,0.76
2023-12-25,False,False,0.76
2023-12-26,False,False,0.76
2023-12-27,False,False,0.76
2023-12-28,False,True,0.76
2023-12-29,True,True,0.76
2024-01-02,True,True,0.8
2024-01-03,True,True,0.8
2024-01-04,True,True,0.8
2024-01-05,True,True,0.84
2024-01-08,True,True,0.86
2024-01-09,True,True,0.86
2024-01-10,True,True,0.88
2024-01-11,True,True,0.88
2024-01-12,True,True,0.84
2024-01-15,True,True,0.82
2024-01-16,True,True,0.82
2024-01-17,True,True,0.84
2024-01-18,True,True,0.84
2024-01-19,True,True,0.86
2024-01-22,True,True,0.86
2024-01-23,True,True,0.86
2024-01-24,True,True,0.84
2024-01-25,True,True,0.84
2024-01-26,True,True,0.84
2024-01-29,True,True,0.82
2024-01-30,True,True,0.86
2024-01-31,True,True,0.82
2024-02-01,True,True,0.86
2024-02-02,True,True,0.84
2024-02-05,True,True,0.86
2024-02-06,True,True,0.86
2024-02-07,True,True,0.86
2024-02-15,True,True,0.88
2024-02-16,True,True,0.9
2024-02-19,True,True,0.9
2024-02-20,True,True,0.9
2024-02-21,True,True,0.9
2024-02-22,True,True,0.92
2024-02-23,True,True,0.8
2024-02-26,True,True,0.82
2024-02-27,True,True,0.86
2024-02-28,True,True,0.88
2024-02-29,True,True,0.9
2024-03-01,True,True,0.9
2024-03-04,True,True,0.88
2024-03-05,True,True,0.92
2024-03-06,True,True,0.88
2024-03-07,True,True,0.88
2024-03-08,True,True,0.84
2024-03-11,True,True,0.78
2024-03-12,True,True,0.76
2024-03-13,True,True,0.86
2024-03-14,True,True,0.84
2024-03-15,True,True,0.82
2024-03-18,True,True,0.84
2024-03-19,True,True,0.84
2024-03-20,True,True,0.84
2024-03-21,True,True,0.86
2024-03-22,True,True,0.88
2024-03-25,True,True,0.86
2024-03-26,True,True,0.9
2024-03-27,True,True,0.86
2024-03-28,True,True,0.86
2024-03-29,True,True,0.86
2024-04-01,True,True,0.88
2024-04-02,True,True,0.88
2024-04-03,True,True,0.88
2024-04-04,True,True,0.86
2024-04-05,True,True,0.84
2024-04-08,True,True,0.84
2024-04-09,True,True,0.86
2024-04-10,True,True,0.84
2024-04-11,True,True,0.8
2024-04-12,True,True,0.84
2024-04-15,True,True,0.62
2024-04-16,True,False,0.58
2024-04-17,True,False,0.56
2024-04-19,True,False,0.48
2024-04-22,True,False,0.54
2024-04-23,True,False,0.44
2024-04-24,True,False,0.56
2024-04-25,True,False,0.54
2024-04-26,True,False,0.52
2024-05-02,True,False,0.6
2024-05-03,True,False,0.58
2024-05-06,True,True,0.66
2024-05-07,True,True,0.68
2024-05-08,True,True,0.7
2024-05-09,True,True,0.66
2024-05-10,True,True,0.68
2024-05-13,True,True,0.66
2024-05-14,True,True,0.66
2024-05-15,True,True,0.7
2024-05-16,True,True,0.72
2024-05-17,True,True,0.76
2024-05-20,True,True,0.78
2024-05-21,True,True,0.76
2024-05-22,True,True,0.74
2024-05-23,True,True,0.74
2024-05-24,True,True,0.72
2024-05-27,True,True,0.74
2024-05-28,True,True,0.76
2024-05-29,True,True,0.76
2024-05-30,True,True,0.72
2024-05-31,True,True,0.72
2024-06-03,True,True,0.78
2024-06-04,True,True,0.8
2024-06-05,True,True,0.76
2024-06-06,True,True,0.78
2024-06-07,True,True,0.78
2024-06-10,True,True,0.8
2024-06-11,True,True,0.78
2024-06-12,True,True,0.8
2024-06-13,True,True,0.8
2024-06-14,True,True,0.76
2024-06-17,True,True,0.8
2024-06-18,True,True,0.78
2024-06-19,True,True,0.76
2024-06-20,True,True,0.72
2024-06-21,True,True,0.72
2024-06-24,True,False,0.6
2024-06-25,True,True,0.66
2024-06-26,True,True,0.62
2024-06-27,True,True,0.66
2024-06-28,True,False,0.6
2024-07-01,True,True,0.7
2024-07-02,True,True,0.76
2024-07-03,True,True,0.76
2024-07-04,True,True,0.76
2024-07-05,True,True,0.74
2024-07-08,True,True,0.72
2024-07-09,True,True,0.72
2024-07-10,True,True,0.72
2024-07-11,True,True,0.76
2024-07-12,True,True,0.74
2024-07-15,True,True,0.72
2024-07-16,True,True,0.72
2024-07-17,True,True,0.66
2024-07-18,True,True,0.72
2024-07-19,True,True,0.68
2024-07-22,True,True,0.66
2024-07-23,True,False,0.58
2024-07-24,True,False,0.6
2024-07-25,True,False,0.58
2024-07-26,True,False,0.6
2024-07-29,True,True,0.62
2024-07-30,True,True,0.62
2024-07-31,True,True,0.62
2024-08-01,True,False,0.56
2024-08-02,True,False,0.56
2024-08-05,True,False,0.42
2024-08-06,True,False,0.44
2024-08-07,True,False,0.44
2024-08-08,True,False,0.42
2024-08-09,True,False,0.5
2024-08-12,True,False,0.56
2024-08-13,True,False,0.56
2024-08-14,True,False,0.5
2024-08-15,True,False,0.5
2024-08-16,True,False,0.6
2024-08-19,True,True,0.62
2024-08-20,True,True,0.62
2024-08-21,True,True,0.64
2024-08-22,True,True,0.64
2024-08-23,True,True,0.64
2024-08-26,True,True,0.64
2024-08-27,True,True,0.66
2024-08-28,True,True,0.66
2024-08-29,True,True,0.64
2024-08-30,True,True,0.66
2024-09-04,True,True,0.68
2024-09-05,True,False,0.6
2024-09-06,True,True,0.62
2024-09-09,True,False,0.58
2024-09-10,True,False,0.58
2024-09-11,True,False,0.6
2024-09-12,True,True,0.64
2024-09-13,True,True,0.64
2024-09-16,True,False,0.56
2024-09-17,True,True,0.64
2024-09-18,True,True,0.66
2024-09-19,True,True,0.66
2024-09-20,True,True,0.66
2024-09-23,True,True,0.66
2024-09-24,True,True,0.66
2024-09-25,True,True,0.7
2024-09-26,True,True,0.7
2024-09-27,True,True,0.72
2024-09-30,True,True,0.72
2024-10-01,True,True,0.74
2024-10-02,True,True,0.72
2024-10-03,True,True,0.72
2024-10-04,True,True,0.72
2024-10-07,True,True,0.72
2024-10-08,True,True,0.74
2024-10-09,True,True,0.74
2024-10-10,True,True,0.74
2024-10-11,True,True,0.74
2024-10-14,True,True,0.72
2024-10-15,True,True,0.7
2024-10-16,True,True,0.68
2024-10-17,True,True,0.68
2024-10-18,True,True,0.68
2024-10-21,True,False,0.58
2024-10-22,True,False,0.52
2024-10-23,True,False,0.54
2024-10-24,True,False,0.5
2024-10-25,True,False,0.5
2024-10-28,True,False,0.56
2024-10-29,True,False,0.56
2024-10-30,True,False,0.5
2024-10-31,True,False,0.52
2024-11-01,True,False,0.54
2024-11-04,True,False,0.52
2024-11-05,True,False,0.52
2024-11-06,True,False,0.56
2024-11-07,True,False,0.54
2024-11-08,True,False,0.46
2024-11-11,True,False,0.5
2024-11-12,True,False,0.5
2024-11-13,True,False,0.48
2024-11-14,True,False,0.38
2024-11-15,True,False,0.26
2024-11-18,True,False,0.24
2024-11-19,True,False,0.24
2024-11-20,True,False,0.32
2024-11-21,True,False,0.38
2024-11-22,True,False,0.36
2024-11-25,True,False,0.38
2024-11-26,True,False,0.42
2024-11-27,True,False,0.4
2024-11-28,True,False,0.42
2024-11-29,True,False,0.42
2024-12-02,True,False,0.48
2024-12-03,True,False,0.4
2024-12-04,True,False,0.42
2024-12-05,True,False,0.54
2024-12-06,True,False,0.58
2024-12-09,True,False,0.58
2024-12-10,True,False,0.56
2024-12-11,True,False,0.54
2024-12-12,True,False,0.54
2024-12-13,True,False,0.56
2024-12-16,True,False,0.56
2024-12-17,True,False,0.54
2024-12-18,True,False,0.58
2024-12-19,True,False,0.52
2024-12-20,True,False,0.5
2024-12-23,True,False,0.5
2024-12-24,True,False,0.52
2024-12-25,True,False,0.56
2024-12-26,True,False,0.52
2024-12-27,True,False,0.52
2024-12-30,True,False,0.52
2024-12-31,True,False,0.46
2025-01-02,True,False,0.58
2025-01-03,True,False,0.5
2025-01-06,True,False,0.42
2025-01-07,True,False,0.44
2025-01-08,True,False,0.46
2025-01-09,True,False,0.44
2025-01-10,True,False,0.38
2025-01-13,True,False,0.4
2025-01-14,True,False,0.42
2025-01-15,True,False,0.42
2025-01-16,True,False,0.46
2025-01-17,True,False,0.46
2025-01-20,True,False,0.48
2025-01-21,True,False,0.5
2025-01-22,True,False,0.48
2025-01-23,True,False,0.52
2025-01-24,True,False,0.52
2025-02-03,True,False,0.48
2025-02-04,True,False,0.52
2025-02-05,True,False,0.58
2025-02-06,True,False,0.54
2025-02-07,True,False,0.54
2025-02-10,True,False,0.52
2025-02-11,True,False,0.54
2025-02-12,True,False,0.52
2025-02-13,True,False,0.56
2025-02-14,True,False,0.58
2025-02-17,True,False,0.56
2025-02-18,True,False,0.58
2025-02-19,True,False,0.6
2025-02-20,True,True,0.62
2025-02-21,True,False,0.56
2025-02-24,True,False,0.6
2025-02-25,True,False,0.6
2025-02-26,True,True,0.62
2025-02-27,True,True,0.64
2025-02-28,True,True,0.64
2025-03-03,True,True,0.76
2025-03-04,True,True,0.72
2025-03-05,True,True,0.68
2025-03-06,True,True,0.74
2025-03-07,True,True,0.74
2025-03-10,True,True,0.7
2025-03-11,True,True,0.74
2025-03-12,True,True,0.72
2025-03-13,True,True,0.74
2025-03-14,True,True,0.72
2025-03-17,True,True,0.74
2025-03-18,True,True,0.7
2025-03-19,True,True,0.7
2025-03-20,True,True,0.66
2025-03-21,True,True,0.66
2025-03-24,True,True,0.68
2025-03-25,True,True,0.7
2025-03-26,True,True,0.68
2025-03-27,True,True,0.66
2025-03-28,True,True,0.66
2025-03-31,True,False,0.6
2025-04-01,True,True,0.68
2025-04-02,True,True,0.68
2025-04-03,True,False,0.38
2025-04-04,True,False,0.36
2025-04-08,True,False,0.18
2025-04-09,True,False,0.1
2025-04-10,True,False,0.26
2025-04-11,True,False,0.36
2025-04-14,True,False,0.36
2025-04-15,True,False,0.36
2025-04-16,True,False,0.36
2025-04-17,True,False,0.36
2025-04-18,True,False,0.4
2025-04-21,True,False,0.38
2025-04-22,True,False,0.34
2025-04-23,True,False,0.42
2025-04-24,True,False,0.42
2025-04-25,True,False,0.42
2025-04-28,True,False,0.4
2025-04-29,False,False,0.42
2025-05-05,False,False,0.46
2025-05-06,False,False,0.44
2025-05-07,False,False,0.44
2025-05-08,False,False,0.44
2025-05-09,False,False,0.46
2025-05-12,False,False,0.46
2025-05-13,False,False,0.48
2025-05-14,False,False,0.52
2025-05-15,False,False,0.54
2025-05-16,False,False,0.5
2025-05-19,False,False,0.5
2025-05-20,False,False,0.52
2025-05-21,False,False,0.54
2025-05-22,False,False,0.52
2025-05-23,False,False,0.52
2025-05-26,False,False,0.58
2025-05-27,False,False,0.6
2025-05-28,False,False,0.58
2025-05-29,False,False,0.56
2025-05-30,True,False,0.54
2025-06-02,True,False,0.54
2025-06-03,True,False,0.56
2025-06-04,True,False,0.56
2025-06-05,True,False,0.54
2025-06-06,True,False,0.54
2025-06-09,True,False,0.52
2025-06-10,True,False,0.54
2025-06-11,True,False,0.56
2025-06-12,True,False,0.6
2025-06-13,True,False,0.56
2025-06-16,True,True,0.62
2025-06-17,True,True,0.62
2025-06-18,True,True,0.62
2025-06-19,True,False,0.6
2025-06-20,True,False,0.6
2025-06-23,True,False,0.58
2025-06-24,True,True,0.62
2025-06-25,True,True,0.66
2025-06-26,True,True,0.62
2025-06-27,True,True,0.64
2025-06-30,True,True,0.64
2025-07-01,True,True,0.68
2025-07-02,True,True,0.76
2025-07-03,True,True,0.76
2025-07-04,True,True,0.78
2025-07-07,True,True,0.78
2025-07-08,True,True,0.8
2025-07-09,True,True,0.86
2025-07-10,True,True,0.88
2025-07-11,True,True,0.88
2025-07-14,True,True,0.94
2025-07-15,True,True,0.88
2025-07-16,True,True,0.9
2025-07-17,True,True,0.9
2025-07-18,True,True,0.92
2025-07-21,True,True,0.9
2025-07-22,True,True,0.92
2025-07-23,True,True,0.94
2025-07-24,True,True,0.94
2025-07-25,True,True,0.96
2025-07-28,True,True,0.96
2025-07-29,True,True,0.88
2025-07-30,True,True,0.9
2025-07-31,True,True,0.86
2025-08-01,True,True,0.88
2025-08-04,True,True,0.9
2025-08-05,True,True,0.94
2025-08-06,True,True,0.98
2025-08-07,True,True,0.98
2025-08-08,True,True,0.98
2025-08-11,True,True,0.98
2025-08-12,True,True,0.98
2025-08-13,True,True,0.98
2025-08-14,True,True,0.98
2025-08-15,True,True,0.98
2025-08-18,True,True,0.98
2025-08-19,True,True,0.96
2025-08-20,True,True,0.96
2025-08-21,True,True,0.96
2025-08-22,True,True,0.9
2025-08-25,True,True,0.9
2025-08-26,True,True,0.92
2025-08-27,True,True,0.94
2025-08-28,True,True,0.94
2025-08-29,True,True,0.94
2025-09-03,True,True,0.96
2025-09-04,True,True,0.96
2025-09-05,True,True,0.96
2025-09-08,True,True,0.94
2025-09-09,True,True,0.94
2025-09-10,True,True,0.94
2025-09-11,True,True,0.94
2025-09-12,True,True,0.94
2025-09-15,True,True,0.94
2025-09-16,True,True,0.94
2025-09-17,True,True,0.94
2025-09-18,True,True,0.94
2025-09-19,True,True,0.94
2025-09-22,True,True,0.94
2025-09-23,True,True,0.94
2025-09-24,True,True,0.94
2025-09-25,True,True,0.94
2025-09-26,True,True,0.94
2025-09-29,True,True,0.94
2025-09-30,True,True,0.94
2025-10-01,True,True,0.96
2025-10-02,True,True,0.96
2025-10-03,True,True,0.96
2025-10-06,True,True,0.96
2025-10-07,True,True,0.96
2025-10-08,True,True,0.96
2025-10-09,True,True,0.96
2025-10-10,True,True,0.96
2025-10-13,True,True,0.96
2025-10-14,True,True,0.96
2025-10-15,True,True,0.96
2025-10-16,True,True,0.96
2025-10-17,True,True,0.96
2025-10-20,True,True,0.86
2025-10-21,True,True,0.88
2025-10-22,True,True,0.86
2025-10-23,True,True,0.88
2025-10-24,True,True,0.86
2025-10-27,True,True,0.86
2025-10-28,True,True,0.88
2025-10-29,True,True,0.9
2025-10-30,True,True,0.86
2025-10-31,True,True,0.86
2025-11-03,True,True,0.84
2025-11-04,True,True,0.86
2025-11-05,True,True,0.9
2025-11-06,True,True,0.88
2025-11-07,True,True,0.84
2025-11-10,True,True,0.84
2025-11-11,True,True,0.84
2025-11-12,True,True,0.86
2025-11-13,True,True,0.86
2025-11-14,True,True,0.88
2025-11-17,True,True,0.9
2025-11-18,True,True,0.9
2025-11-19,True,True,0.88
2025-11-20,True,True,0.88
2025-11-21,True,True,0.88
2025-11-24,True,True,0.88
2025-11-25,True,True,0.84
2025-11-26,True,True,0.88
2025-11-27,True,True,0.88
2025-11-28,True,True,0.88
2025-12-01,True,True,0.84
2025-12-02,True,True,0.86
2025-12-03,True,True,0.88
2025-12-04,True,True,0.88
2025-12-05,True,True,0.86
2025-12-08,True,True,0.84
2025-12-09,True,True,0.8
2025-12-10,True,True,0.78
2025-12-11,True,True,0.78
2025-12-12,True,False,0.54
2025-12-15,True,False,0.5
2025-12-16,True,True,0.62
2025-12-17,True,True,0.64
2025-12-18,True,True,0.66
2025-12-19,True,True,0.68
2025-12-22,True,True,0.78
2025-12-23,True,True,0.74
2025-12-24,True,True,0.74
2025-12-25,True,True,0.68
2025-12-26,True,True,0.68
2025-12-29,True,True,0.7
2025-12-30,True,True,0.64
2025-12-31,True,True,0.62
2026-01-05,True,True,0.64
2026-01-06,True,False,0.6
2026-01-07,True,True,0.64
2026-01-08,True,True,0.64
2026-01-09,True,False,0.58
2026-01-12,True,True,0.72
2026-01-13,True,True,0.76
2026-01-14,True,True,0.74
2026-01-15,True,True,0.72
2026-01-16,True,True,0.7
2026-01-19,True,True,0.74
2026-01-20,True,True,0.74
2026-01-21,True,True,0.7
2026-01-22,True,True,0.7
2026-01-23,True,True,0.64
2026-01-26,True,False,0.58
2026-01-27,True,False,0.58
2026-01-28,True,False,0.54
2026-01-29,True,False,0.56
2026-01-30,True,False,0.58
2026-02-02,True,False,0.6
2026-02-03,True,True,0.62
2026-02-04,True,False,0.6
2026-02-05,True,False,0.58
2026-02-06,True,False,0.56
2026-02-09,True,False,0.54
2026-02-10,True,False,0.58
2026-02-11,True,False,0.58
2026-02-12,True,False,0.58
2026-02-13,True,False,0.58
2026-02-23,True,True,0.62
2026-02-24,True,True,0.62
2026-02-25,True,True,0.62
2026-02-26,True,True,0.64
2026-02-27,True,True,0.64
2026-03-02,True,True,0.62
2026-03-03,True,False,0.58
2026-03-04,True,False,0.58
2026-03-05,True,False,0.54
2026-03-06,True,False,0.48
2026-03-09,True,False,0.3
2026-03-10,True,False,0.38
2026-03-11,True,False,0.42
2026-03-12,True,False,0.42
2026-03-13,True,False,0.42
2026-03-16,True,False,0.4
2026-03-17,True,False,0.42
2026-03-18,True,False,0.44
2026-03-19,True,False,0.44
2026-03-20,True,False,0.34
2026-03-23,True,False,0.28
2026-03-24,True,False,0.26
2026-03-25,True,False,0.34
2026-03-26,True,False,0.32
2026-03-27,True,False,0.42
2026-03-30,True,False,0.38
2026-03-31,False,False,0.4
2026-04-01,False,False,0.48
2026-04-02,False,False,0.42
2026-04-03,False,False,0.42
2026-04-06,False,False,0.36
2026-04-07,False,False,0.38
2026-04-08,False,False,0.54
2026-04-09,False,False,0.5
2026-04-10,False,False,0.52
2026-04-13,False,False,0.52
2026-04-14,False,False,0.48
2026-04-15,False,False,0.48
2026-04-16,False,False,0.44
2026-04-17,False,False,0.48
2026-04-20,False,False,0.5
2026-04-21,False,False,0.48
2026-04-22,False,False,0.48
2026-04-23,False,False,0.5
2026-04-24,False,False,0.42
2026-04-28,False,False,0.36
2026-04-29,True,False,0.38
2026-05-04,True,False,0.46
2026-05-05,True,False,0.46
2026-05-06,True,False,0.46
2026-05-07,True,False,0.5
2026-05-08,True,False,0.5
2026-05-11,True,False,0.48
2026-05-12,True,False,0.5
2026-05-13,True,False,0.52
2026-05-14,True,False,0.52
2026-05-15,True,False,0.48
2026-05-18,True,False,0.46
2026-05-19,True,False,0.46
2026-05-20,True,False,0.46
2026-05-21,True,False,0.46
2026-05-22,True,False,0.46
2026-05-25,True,False,0.42
2026-05-26,True,False,0.44
2026-05-27,True,False,0.42
2026-05-28,True,False,0.46
2026-05-29,True,False,0.46
2026-06-01,True,False,0.4
2026-06-02,True,False,0.3
2026-06-03,True,False,0.34
2026-06-04,True,False,0.38
2026-06-05,True,False,0.34
2026-06-08,True,False,0.3
2026-06-09,True,False,0.28
2026-06-10,True,False,0.3
2026-06-11,True,False,0.28
2026-06-12,True,False,0.28
2026-06-15,True,False,0.28
2026-06-16,True,False,0.32
2026-06-17,True,False,0.34
2026-06-18,True,False,0.3
2026-06-19,True,False,0.3
2026-06-22,True,False,0.32
2026-06-23,True,False,0.28
2026-06-24,True,False,0.32
2026-06-25,True,False,0.28
2026-06-26,True,False,0.26
2026-06-29,True,False,0.36
2026-06-30,True,False,0.36
2026-07-01,True,False,0.36
2026-07-02,True,False,0.36
2026-07-03,True,False,0.4
2026-07-06,True,False,0.26
2026-07-07,True,False,0.3
2026-07-08,True,False,0.34
2026-07-09,True,False,0.28
2026-07-10,True,False,0.24
2026-07-13,True,False,0.22
2026-07-14,True,False,0.24
2026-07-15,True,False,0.22
2026-07-16,True,False,0.22
2026-07-17,True,False,0.22
2026-07-20,True,False,0.2
2026-07-21,True,False,0.18
2026-07-22,True,False,0.14
2026-07-23,True,False,0.18
2026-07-24,True,False,0.18
2026-07-27,True,False,0.16
2026-07-28,True,False,0.18
2026-07-29,True,False,0.2
2026-07-30,True,False,0.2
2026-07-31,False,False,0.2
2026-08-03,False,False,0.26
2026-08-04,False,False,0.26
2026-08-05,False,False,0.26
2026-08-06,False,False,0.26
2026-08-07,False,False,0.28
2026-08-10,False,False,0.28
2026-08-11,False,False,0.28
2026-08-12,False,False,0.3
2026-08-13,False,False,0.28
2026-08-14,False,False,0.26
2026-08-17,False,False,0.26
2026-08-18,False,False,0.28
2026-08-19,False,False,0.26
2026-08-20,False,False,0.26
2026-08-21,False,False,0.32
2026-08-24,False,False,0.32
2026-08-25,False,False,0.3
2026-08-26,False,False,0.34
2026-08-27,False,False,0.34
2026-08-28,True,False,0.34
2026-09-03,True,False,0.32
2026-09-04,True,False,0.34
2026-09-07,True,False,0.26
2026-09-08,True,False,0.3
2026-09-09,True,False,0.32
2026-09-10,True,False,0.32
2026-09-11,True,False,0.24
2026-09-14,True,False,0.28
2026-09-15,True,False,0.28
2026-09-16,True,False,0.3
2026-09-17,True,False,0.32
2026-09-18,True,False,0.3
2026-09-21,True,False,0.3
2026-09-22,True,False,0.34
2026-09-23,True,False,0.34
2026-09-24,True,False,0.28
2026-09-25,True,False,0.26
2026-09-28,False,False,0.26
