sym,sig_buy,buy,buy_px,sig_sell,sell,sell_px,sh,k_buy,k_sell,cost,proceeds,net,net_ret,why
E1VFVN30,2024-01-02,2024-01-03,19.394535,2024-04-16,2024-04-17,21.703709999999997,5100,3578,3648,99035768.660625,110439870.92774999,11404102.267124996,0.11515134805692773,trend_off
E1VFVN30,2024-05-06,2024-05-07,21.956455000000002,2024-06-24,2024-06-25,22.613027499999998,5000,3658,3693,109919502.84375001,112810740.94062498,2891238.096874967,0.026303231201699084,trend_off
E1VFVN30,2024-06-25,2024-06-26,22.65698,2024-06-28,2024-07-01,22.6330125,5000,3694,3697,113426506.12500001,112910441.109375,-516065.0156250149,-0.004549774415658181,trend_off
E1VFVN30,2024-07-01,2024-07-02,22.65698,2024-07-23,2024-07-24,22.1733575,5000,3698,3714,113426506.12500001,110617337.228125,-2809168.896875009,-0.024766423588673425,trend_off
E1VFVN30,2024-07-29,2024-07-30,22.516875,2024-08-01,2024-08-02,22.2932675,4900,3718,3721,110470603.359375,108991227.47581251,-1479375.8835624903,-0.013391579647210716,trend_off
E1VFVN30,2024-08-19,2024-08-20,22.707017500000003,2024-09-05,2024-09-06,22.98275,4800,3733,3744,109129926.10500002,110068986.3,939060.194999978,0.008604974167181645,trend_off
E1VFVN30,2024-09-06,2024-09-09,22.9071675,2024-09-10,2024-09-11,22.7329375,4800,3745,3747,110091847.005,108872584.27499999,-1219262.7300000042,-0.011074959346849989,trend_off
E1VFVN30,2024-09-12,2024-09-13,22.8171,2024-09-16,2024-09-17,22.4931175,4700,3749,3751,107374420.46249999,105479787.5324375,-1894632.9300624877,-0.01764510506228234,trend_off
E1VFVN30,2024-09-17,2024-09-18,22.837115,2024-10-21,2024-10-22,23.822119999999998,4600,3752,3776,105182042.41125,109335193.058,4153150.646750003,0.03948535844656487,trend_off
E1VFVN30,2025-02-20,2025-02-21,23.557655,2025-02-24,2025-02-25,23.78215,4700,3858,3860,110859379.723125,111524608.76375002,665229.0406250209,0.006000656347586064,trend_off
E1VFVN30,2025-02-26,2025-02-27,23.797835000000003,2025-03-31,2025-04-01,23.802135,4700,3862,3885,111989636.78062502,111618326.92237501,-371309.85825000703,-0.0033155733773595486,trend_off
E1VFVN30,2025-04-01,2025-04-02,23.8278575,2025-04-03,2025-04-04,21.433912499999998,4600,3886,3888,109745154.68062499,98374156.50562501,-11370998.174999982,-0.10361275819503202,trend_off
E1VFVN30,2025-06-16,2025-06-17,24.8186,2025-06-19,2025-06-20,25.0312125,4000,3936,3939,99398493.0,99899569.08749999,501076.08749999106,0.005041083344190955,trend_off
E1VFVN30,2025-06-24,2025-06-25,25.519125000000003,2025-12-12,2025-12-15,33.37495,3900,3942,4063,99648993.23437501,129869439.81375,30220446.579374984,0.30326896036266326,trend_off
E1VFVN30,2025-12-16,2025-12-17,33.90541,2026-01-06,2026-01-07,36.472625,3800,4065,4078,129001608.6975,138284134.05625,9282525.35875,0.071956663583296,trend_off
E1VFVN30,2026-01-07,2026-01-08,37.02775,2026-01-09,2026-01-12,36.91229499999999,3700,4079,4081,137173928.34375,136268196.64412498,-905731.6996250153,-0.00660279770770511,trend_off
E1VFVN30,2026-01-12,2026-01-13,36.9176675,2026-01-26,2026-01-27,36.232805,3700,4082,4092,136766113.9621875,133759740.39837499,-3006373.563812509,-0.021981859955776062,trend_off
E1VFVN30,2026-02-03,2026-02-04,36.0169925,2026-02-05,2026-02-06,35.2635325,3700,4098,4100,133429450.84031251,130181501.34193748,-3247949.4983750284,-0.02434207349217188,trend_off
E1VFVN30,2026-02-23,2026-02-24,36.927675,2026-03-03,2026-03-04,34.833855,3600,4107,4113,133105804.5375,125119723.7745,-7986080.762999997,-0.05999799025105679,trend_off
